theta_rad,theta_deg,P_x,P_y,IC_x,IC_y,IC_distance,V_P_mag,A_P_mag,Torque_ratio
0.0,0.0,3.9999999999999996,-1.5000000000000007,1.0149053349425061,-3.411284913162434,3.5445451300042774,0.007758856753790833,0.00018314347813131173,136.80388808559113
0.008738783459220564,0.5006954102920723,3.993465756238612,-1.5041837204247681,1.0290968569964165,-3.325169120350592,3.4790042824833374,0.0076452117211208235,0.0002720810952334158,69.00274733363473
0.01747756691844113,1.0013908205841446,3.9869714285962097,-1.5080033353184414,1.0553445651192843,-3.157544377836366,3.363840322846891,0.0074287630125845164,0.00035582315788757146,34.87967734410799
0.026216350377661693,1.5020862308762168,3.980517245536615,-1.5114694702275568,1.07893792052208,-2.9972198938746675,3.259849214414583,0.0072285081128055095,0.0003455755148780304,23.541197452116688
0.03495513383688226,2.0027816411682893,3.9741032937155705,-1.5145924492832517,1.1000469958803372,-2.8435094045584375,3.166420672801426,0.007044274977754757,0.0003356095542864513,17.88000668149166
0.04369391729610282,2.5034770514603615,3.967729530349304,-1.5173823020480217,1.118820553051215,-2.6958030741629577,3.0830111704438576,0.006875853453870911,0.00032591845025059643,14.48671038174225
0.052432700755323386,3.0041724617524337,3.9613957947489036,-1.5198487705147399,1.1353888788097521,-2.5535567545588083,3.0091306527321753,0.006722990109173529,0.00031649538281006937,12.22651372980569
0.06117148421454395,3.504867872044506,3.955101819068596,-1.5220013162115922,1.1498661513633348,-2.4162829651143722,2.9443313025082722,0.00658538388373286,0.0003073335594648776,10.613484753651765
0.06991026767376451,4.0055632823365785,3.948847238314075,-1.5238491273721257,1.1623524226680817,-2.2835432763366277,2.8881981506802643,0.006462682874264139,0.00029842623402400093,9.40479167148572
0.07864905113298508,4.50625869262865,3.942631599655112,-1.5254011261346303,1.1729352840902978,-2.1549418450324227,2.840341387439836,0.006354482529891077,0.0002897667230051669,8.465581102872418
0.08738783459220564,5.006954102920723,3.9364543710846718,-1.5266659757395658,1.1816912693753308,-2.030119898832341,2.8003902583777096,0.006260325468185348,0.00028134841981448353,7.714965073104814
0.09612661805142621,5.507649513212795,3.930314949464764,-1.5276520876978386,1.1886870382573411,-1.90875100702701,2.767988437444318,0.0061797030264391485,0.00027316480692148943,7.101481451707091
0.10486540151064677,6.008344923504867,3.9242126679972835,-1.5283676289063872,1.1939803756642071,-1.790537005393334,2.742790759803941,0.006112058551379556,0.000265209466234222,6.590828676497369
0.11360418496986734,6.50904033379694,3.918146803156148,-1.528820528690823,1.1976210348167735,-1.6752044669868502,2.724461178580014,0.006056792313227139,0.0002574760878519617,6.15926329279734
0.1223429684290879,7.009735744089012,3.912116581115104,-1.5290184857578057,1.1996514471989992,-1.562501630202456,2.7126717869422414,0.006013267820695091,0.0002499584773606447,5.789828009277801
0.13108175188830845,7.5104311543810836,3.906121183703733,-1.5289689750424929,1.2001073180860085,-1.452195710839666,2.707102727088822,0.0059808192249299,0.00024265056182979272,5.470088974730693
0.13982053534752903,8.011126564673157,3.900159753922353,-1.5286792544387204,1.1990181228316563,-1.3440705372973338,2.7074427952693476,0.005958759442065178,0.00023554639464470352,5.190721809826085
0.1485593188067496,8.51182197496523,3.8942314010448045,-1.5281563714016877,1.1964075162626349,-1.2379244580123225,2.7133905500039632,0.0059463886008667725,0.000228640159300775,4.944596815937923
0.15729810226597016,9.0125173852573,3.8883352053363844,-1.527407169414776,1.1922936651631033,-1.1335684783186697,2.724655739895265,0.005943002433501463,0.0002219261722790008,4.726169189110891
0.1660368857251907,9.513212795549373,3.88247022241261,-1.5264382943137682,1.1866895118577703,-1.0308245904432118,2.7409608867811026,0.005947900268754053,0.00021539888510368427,4.531061842803221
0.1747756691844113,10.013908205841446,3.87663548726296,-1.5252562004632184,1.179602975226583,-0.9295242656500319,2.762042886911337,0.005960392349895432,0.0002090528856779227,4.355773411474142
0.18351445264363186,10.514603616133519,3.870830017962246,-1.5238671567809838,1.171037094042525,-0.8295070818378054,2.7876545240976496,0.00597980627419851,0.00020288289898326873,4.197469699314956
0.19225323610285242,11.01529902642559,3.8650528190908933,-1.5222772526080912,1.1609901162600291,-0.7306194633574806,2.8175658210806933,0.006005492428504188,0.00019688378722254875,4.053832018080984
0.20099201956207297,11.515994436717662,3.8593028848840754,-1.520492403422081,1.1494555367501154,-0.6327135125941878,2.851565185856402,0.006036828367595583,0.00019105054947449673,3.9229450966236916
0.20973080302129354,12.016689847009735,3.853579202128386,-1.5185183563928586,1.1364220849394038,-0.5356459150586441,2.889460336364737,0.006073222143986464,0.00018537832092130842,3.8032130182613106
0.21846958648051412,12.517385257301807,3.847880752823551,-1.51636069578083,1.1218736628296417,-0.4392769014370471,2.931079008613562,0.006114114646158554,0.00017986237171087772,3.6932953368069734
0.22720836993973467,13.01808066759388,3.8422065166255495,-1.5140248481777714,1.1057892329202021,-0.34346925131566997,2.9762694696392233,0.006158981036508236,0.00017449810550308097,3.592057937613467
0.23594715339895522,13.518776077885951,3.8365554730864595,-1.5115160875914202,1.0881426546008621,-0.24808732418665494,3.0249008679648397,0.006207331401130923,0.00016928105774461795,3.4985348202302338
0.2446859368581758,14.019471488178024,3.830926603705339,-1.5088395403753039,1.068902466593341,-0.15299610386311358,3.0768634611114063,0.006258710733011568,0.00016420689371580605,3.4118980718348864
0.2534247203173964,14.520166898470096,3.8253188938035194,-1.5060001900056905,1.0480316119699462,-0.058060242619928495,3.1320687631452158,0.006312698370595663,0.0001592714063834617,3.3314340540551908
0.2621635037766169,15.020862308762167,3.819731334236797,-1.5030028817079484,1.0254871011322058,0.03685690877406701,3.1904496561741236,0.006368907007576418,0.0001544705140981536,3.256524353176178
0.2709022872358375,15.52155771905424,3.8141629229561747,-1.499852326934849,1.0012196068520716,0.13189429947338144,3.2519605090482555,0.006426981379309679,0.00014980025816131902,3.1866304179723595
0.27964107069505806,16.022253129346314,3.808612666428038,-1.4965531076996248,0.975172984027577,0.22719422062022837,3.316577345048877,0.006486596718466435,0.00014525680028806536,3.121281078386952
0.28837985415427864,16.522948539638385,3.803079580923902,-1.4931096807667825,0.9472837051229175,0.3229034075405647,3.384298098741525,0.006547457058834888,0.0001408364199932378,3.060062333885637
0.2971186376134992,17.02364394993046,3.797562693689196,-1.4895263817038291,0.9174802002985752,0.41917422028688184,3.4551430009154234,0.006609293452650278,0.00013653551191776005,3.002608944135725
0.30585742107271974,17.52433936022253,3.792061043999893,-1.485807428797203,0.885682088909257,0.5161659230181129,3.529155130052006,0.006671862154161882,0.0001323505831167079,2.948597461501676
0.3145962045319403,18.0250347705146,3.7865736841152042,-1.4819569268357908,0.8517992862635445,0.6140460856232564,3.606401169382432,0.006734942810759267,0.0001282782503234614,2.8977404249652086
0.3233349879911609,18.525730180806676,3.781099680133989,-1.4779788707654806,0.8157309661883677,0.7129921346655758,3.686972410567657,0.006798336693076757,0.00012431523720541284,2.849781495716146
0.3320737714503814,19.026425591098747,3.775638112762006,-1.4738771492182545,0.7773643558681957,0.8131930853473326,3.7709860486501423,0.006861864987106673,0.00012045837162624289,2.8044913609263262
0.340812554909602,19.527121001390817,3.7701880779966355,-1.4696555479193316,0.7365733344517931,0.9148514919715435,3.8585868184533294,0.006925367164397442,0.00011670458292220424,2.7616642678104864
0.3495513383688226,20.027816411682892,3.7647486877352554,-1.4653177529758996,0.6932168007970305,1.0181856615990417,3.9499490303906053,0.006988699440794633,0.00011305089920569834,2.7211150776622204
0.35829012182804315,20.528511821974963,3.759319070313007,-1.460867354050949,0.6471367681416822,1.123432184653143,4.0452790741424245,0.007051733329733757,0.00010949444470568254,2.682676751076653
0.36702890528726373,21.029207232267037,3.7538983709753015,-1.4563078474257078,0.5981561340453319,1.2308488475871975,4.144818472442002,0.007114354292628201,0.0001060324371499552,2.6461981924892464
0.37576768874648425,21.529902642559108,3.748485752290033,-1.4516426389541421,0.5460760621104035,1.34071800705889,4.248847585070416,0.0071764604862795435,0.00010266218519819814,2.6115423955284722
0.38450647220570483,22.03059805285118,3.7430803945041253,-1.4468750469129437,0.4906728970594215,1.4533505232022408,4.357690086156251,0.0072379616053113134,9.938108593406408e-05,2.5785848413209926
0.3932452556649254,22.531293463143253,3.7376814958487055,-1.4420083047503751,0.4316945157874667,1.5690903726959928,4.471718367434794,0.007298777816255076,9.618662241958971e-05,2.5472121103976235
0.40198403912414593,23.031988873435324,3.7322882727968985,-1.4370455637372812,0.3688559927780764,1.6883200919167483,4.591360058176047,0.007358838778981098,9.307636131761595e-05,2.517320675690251
0.4107228225833665,23.532684283727395,3.7268999602779527,-1.43198989552352,0.3018344270701989,1.8114672386260449,4.717105901697928,0.007418082750584732,9.004795058729859e-05,2.488815849647006
0.4194616060425871,24.03337969401947,3.7215158118511455,-1.4268442946029862,0.23026273750177545,1.9390121101681874,4.849519292331258,0.00747645576651466,8.709911725840363e-05,2.461610862986023
0.42820038950180767,24.534075104311544,3.7161350998426688,-1.4216116806903485,0.1537221800506274,2.0714970209666994,4.9892478604187875,0.007533910893613599,8.422766528967553e-05,2.4356260562819534
0.43693917296102824,25.034770514603615,3.7107571154484704,-1.4162949010125137,0.07173327136146954,2.2095375275595224,5.137037603319478,0.007590407549765516,8.143147351116127e-05,2.410788168585446
0.44567795642024877,25.535465924895686,3.705381168805806,-1.4108967325177932,-0.01625529019951654,2.353836103112831,5.293750207241845,0.007645910884970455,7.870849365914795e-05,2.3870297097554034
0.45441673987946934,26.03616133518776,3.7000065890360663,-1.4054198840056378,-0.11088023914956736,2.505198916051399,5.460384401907827,0.007700391218878501,7.605674850808881e-05,2.3642884052351705
0.4631555233386899,26.53685674547983,3.6946327242612615,-1.3998669981797423,-0.21288059519989896,2.6645565745108333,5.638102457388407,0.007753823530066371,7.347433010247035e-05,2.342506703702193
0.47189430679791045,27.037552155771902,3.6892589415963566,-1.3942406536272376,-0.3231186868235364,2.8329899822541487,5.828263298957812,0.00780618699261928,7.095939809392699e-05,2.3216313394398647
0.480633090257131,27.538247566063976,3.6838846271195114,-1.388543366726606,-0.44260660066806384,3.0117628454513343,6.03246422400826,0.007857464555872197,6.851017819105412e-05,2.3016129424667127
0.4893718737163516,28.038942976356047,3.6785091858221186,-1.382777593486883,-0.5725397622114754,3.2023629226799324,6.252593918652643,0.007907642563471455,6.612496072778805e-05,2.2824056904516774
0.4981106571755722,28.53963838664812,3.6731320415404003,-1.3769457313206108,-0.714339994628808,3.4065548974525575,6.4909004871157965,0.00795671040820706,6.380209935462213e-05,2.2639669972836995
0.5068494406347928,29.040333796940192,3.667752636870182,-1.3710501207529613,-0.8697113293443873,3.6264488890699904,6.7500796734466055,0.00800466021934911,6.154000986585325e-05,2.246257233871265
0.5155882240940133,29.541029207232263,3.662370433066365,-1.3650930470693328,-1.0407132010568447,3.864590284997789,7.033390606475532,0.008051486579499435,5.9337169168950676e-05,2.229239477346057
0.5243270075532338,30.041724617524334,3.656984909928487,-1.3590767419036753,-1.229857689051532,4.124079066870516,7.344809610228161,0.008097186268221979,5.7192114406123956e-05,2.2128792853588335
0.5330657910124544,30.54242002781641,3.651595565673664,-1.3530033847697136,-1.4402405533267049,4.408730588588006,7.6892375072240595,0.008141758029958987,5.510344224417388e-05,2.197144492585929
0.541804574471675,31.04311543810848,3.6462019167981126,-1.3468751045371614,-1.6757206086215022,4.723295646285433,8.07278343018756,0.00818520236396117,5.306980834243104e-05,2.182005026937787
0.5505433579308956,31.543810848400557,3.640803497928358,-1.3406939808549534,-1.941169600569366,5.073767028544434,8.503160219204227,0.008227521334162725,5.1089927020987004e-05,2.1674327432821623
0.5592821413901161,32.04450625869263,3.6353998616631547,-1.3344620455234557,-2.242827177301776,5.46781498159453,8.99024615209592,0.008268718397138324,4.9162571146084835e-05,2.1534012727641505
0.5680209248493366,32.545201668984696,3.629990578407058,-1.3281812838175204,-2.5888164110442977,5.915419614036024,9.546900771424918,0.008308798246430962,4.728657224988973e-05,2.1398858860434284
0.5767597083085573,33.04589707927677,3.6245752361965313,-1.3218536357622326,-2.989911492028198,6.429812631498736,10.190179811801785,0.00834776667170999,4.546082092349987e-05,2.1268633689730554
0.5854984917677778,33.546592489568845,3.6191534405193844,-1.3154809973630819,-3.460714277786701,7.028920599644818,10.94319719829907,0.008385630431374877,4.368426750581816e-05,2.1143119094191745
0.5942372752269984,34.04728789986092,3.6137248141282963,-1.3090652217922534,-4.021518478541956,7.737651707268351,11.838075322146661,0.008422397137327587,4.195592309866539e-05,2.1022109940742797
0.602976058686219,34.547983310152986,3.6082889968491063,-1.3026081205326756,-4.701380948747314,8.591663247399028,12.92080572205238,0.00845807515077368,4.0274860961506855e-05,2.0905413142506517
0.6117148421454395,35.04867872044506,3.6028456453845044,-1.296111464481394,-5.5434223037364765,9.643863740762255,14.259637964845515,0.008492673488022667,3.8640218327492345e-05,2.079284679754896
0.6204536256046601,35.549374130737135,3.597394433113709,-1.2895769850137726,-6.614504550209844,10.97628420472151,15.960395721017035,0.008526201735346389,3.7051198688397266e-05,2.068423940047294
0.6291924090638806,36.0500695410292,3.591935049888662,-1.283006375009994,-8.024175407290455,12.723316582304403,18.19645858231701,0.008558669972044743,3.5507074619339574e-05,2.057942911977975
0.6379311925231012,36.55076495132128,3.58646720182724,-1.276401289845261,-9.965197182960441,15.121429273448932,21.272904239441026,0.008590088700958226,3.400719121234921e-05,2.0478263134675805
0.6466699759823218,37.05146036161335,3.5809906111039367,-1.2697633483450386,-12.811077255459072,18.628804762782362,25.780863092906404,0.008620468785732043,3.255097018866965e-05,2.0380597025711644
0.6554087594415423,37.55215577190542,3.5755050157384285,-1.2630941337066495,-17.39276848140124,24.264759428271454,33.03543250712253,0.008649821394200839,3.113791478088159e-05,2.02862942142271
0.6641475429007628,38.05285118219749,3.570010169382406,-1.256395194388476,-26.008002231330057,34.84786102860751,46.67307719652139,0.008678157947327155,2.976761547968394e-05,2.019522544609836
0.6728863263599835,38.55354659248957,3.564505841105027,-1.2496680449679674,-48.21389673307344,62.10154138379082,81.81918301486607,0.008705490073182047,2.8439756734315916e-05,2.0107268315769744
0.681625109819204,39.054242002781635,3.5589918151773086,-1.2429141669696142,-237.24174583049427,293.9898790763215,380.98214847540487,0.008731829565497957,2.7154124702203575e-05,2.0022306826938188
0.6903638932784246,39.55493741307371,3.553467890855744,-1.2361350096640167,88.81352176705086,-105.9588772616747,135.04121419682497,0.008757188346371058,2.5910616137176717e-05,1.994023098665559
0.6991026767376451,40.055632823365784,3.5479338821654305,-1.2293319908391083,38.764415786168726,-44.55271307611655,55.83113778488816,0.008781578432735944,2.4709248474149168e-05,1.9860936429921363
0.7078414601968657,40.55632823365785,3.5423896176829293,-1.222506497544579,25.319313721372133,-28.048160320342443,34.55213635129425,0.008805011906261904,2.3550171127243747e-05,1.9784324072118917
0.7165802436560863,41.057023643949925,3.5368349403191,-1.2156598868104873,19.0687987603766,-20.369590337007757,24.659986857226208,0.008827500886353881,2.2433677952679205e-05,1.9710299786932963
0.7253190271153068,41.557719054242,3.5312697071021013,-1.2087934863410283,15.453394749576848,-15.924024703358873,18.93871947357318,0.00884905750598013,2.1360220706373837e-05,1.9638774107584318
0.7340578105745275,42.058414464534074,3.5256937889607354,-1.201908595184368,13.094332265997686,-13.020159269594592,15.206245141632753,0.008869693890063016,2.0330423145708556e-05,1.9569661949450714
0.742796594033748,42.55910987482614,3.5201070705083204,-1.195006484379439,11.431844222715183,-10.971334752657878,12.57665214493708,0.008889422136195532,1.934509517781987e-05,1.9502882352301107
0.7515353774929685,43.059805285118216,3.5145094498272242,-1.1880883975805512,10.195678793426362,-9.446031385249109,10.62222416377254,0.008908254297479636,1.8405246083910615e-05,1.9438358240549758
0.7602741609521891,43.56050069541029,3.5089008382541955,-1.1811555516606338,9.239357553573605,-8.26455852017787,9.111132299585387,0.008926202367284346,1.7512095350255185e-05,1.9376016200089445
0.7690129444114097,44.06119610570236,3.5032811601666225,-1.174209137293905,8.476597079015814,-7.321064974110172,7.906814017496616,0.008943278265749276,1.666707900330888e-05,1.93157862703606
0.7777517278706302,44.56189151599443,3.4976503527698206,-1.1672503195187254,7.853269316170638,-6.549143678435264,6.923596802319352,0.00895949382787663,1.5871848558076718e-05,1.925760175048175
0.7864905113298508,45.06258692628651,3.492008365885448,-1.1602802382813715,7.33369967978839,-5.905023975513717,6.105013127203158,0.008974860793065541,1.5128258818695278e-05,1.9201399018340488
0.7952292947890713,45.563282336578574,3.4863551617411312,-1.1533000089614283,6.893421246020147,-5.358683406789791,5.412333029791753,0.008989390795954507,1.4438339951757936e-05,1.9147117361634463
0.8039680782482919,46.06397774687065,3.48069071476138,-1.1463107228794884,6.515094453663292,-4.888842531781816,4.818106515147588,0.009003095358451875,1.3804248732788596e-05,1.9094698819968796
0.8127068617075125,46.56467315716272,3.4750150113598606,-1.1393134477877989,6.186088399233402,-4.479997972917202,4.3023356460038285,0.009015985882849518,1.3228194028535156e-05,1.9044088037168159
0.821445645166733,47.06536856745479,3.469328049733076,-1.1323092283444924,5.896984485064657,-4.120586882478937,3.850106375959773,0.009028073645915432,1.2712332945075645e-05,1.899523212304976
0.8301844286259537,47.56606397774687,3.4636298396555123,-1.1252990865720032,5.6406165891041695,-3.801809544337356,3.4500694975322355,0.009039369793873354,1.2258637165487506e-05,1.8948080523949193
0.8389232120851742,48.06675938803894,3.45792040227629,-1.1182840223002573,5.41143597853888,-3.5168503291275397,3.0934355391615367,0.009049885338194067,1.1868734057655519e-05,1.8902584901368293
0.8476619955443947,48.567454798331006,3.4521997699173568,-1.111265013595182,5.20507962549777,-3.2603481566930412,2.7732915721299447,0.009059631152117742,1.1543733822752842e-05,1.8858699018160219
0.8564007790036153,49.06815020862309,3.4464679858732508,-1.104243017173092,5.018069774215155,-3.0280279608623433,2.4841257397090284,0.00906861796783615,1.1284060981384599e-05,1.8816378631702768
0.8651395624628359,49.568845618915155,3.4407251042124636,-1.097218968801462,4.847600447695611,-2.8164388004442396,2.2214893791361336,0.009076856374280273,1.108931358984912e-05,1.877558139357727
0.8738783459220565,50.06954102920723,3.4349711895804154,-1.0901937836865883,4.69138289265154,-2.622764268189195,1.981752420859538,0.00908435681545213,1.0958174199424002e-05,1.8736266755289852
0.882617129381277,50.570236439499304,3.429206317004062,-1.0831683568486192,4.547531815025917,-2.4446829365004366,1.761923343999476,0.009091129589247578,1.0888391041111651e-05,1.8698395879618614
0.8913559128404975,51.07093184979137,3.4234305716981432,-1.0761435634844223,4.414480375461139,-2.280264082271569,1.5595146479924127,0.009097184846725316,1.0876836680376585e-05,1.8661931557198956
0.9000946962997182,51.571627260083446,3.4176440488730777,-1.0691202593187334,4.290915805293671,-2.127888706466763,1.3724409587440027,0.00910253259177763,1.0919637387940787e-05,1.8626838127992706
0.9088334797589387,52.07232267037552,3.4118468535445086,-1.06209928094402,4.1757300339861905,-1.9861889679389175,1.198940892192783,0.009107182681166533,1.1012354056969216e-05,1.8593081407312202
0.9175722632181592,52.57301808066759,3.4060391003444987,-1.0550814461494662,4.067981397407493,-1.854001209942201,1.0375164546259845,0.009111144824885196,1.1150188387687826e-05,1.8560628616090447
0.9263110466773798,53.07371349095966,3.4002209133343704,-1.048067554239497,3.9668646301607744,-1.730329148585708,0.8868855534614799,0.009114428586813638,1.1328187742226383e-05,1.8529448315124073
0.9350498301366004,53.574408901251736,3.3943924258191926,-1.0410583863422027,3.8716871238488144,-1.614314747662667,0.7459444245797179,0.00911704338564213,1.1541427390293465e-05,1.8499510343024472
0.9437886135958209,54.075104311543804,3.388553780163894,-1.0340547057080567,3.781849976135941,-1.5052149703387347,0.6137376416132008,0.009118998496031743,1.178515707837772e-05,1.8470785757635704
0.9525273970550415,54.57579972183588,3.382705127610997,-1.0270572579992718,3.696832739442462,-1.4023830691961352,0.489433980293076,0.009120303049986674,1.2054907171983712e-05,1.844324678070019
0.961266180514262,55.07649513212795,3.376846628099969,-1.0200667715701461,3.616181053194414,-1.3052534135680205,0.37230684631001915,0.009120966038417012,1.234655609936483e-05,1.8416866745563405
0.9700049639734827,55.57719054242003,3.3709784500881628,-1.0130839577387292,3.5394965429885876,-1.2133290977436924,0.2617182907830546,0.009120996312877447,1.2656364769610447e-05,1.8391620047724033
0.9787437474327032,56.077885952712094,3.365100770373334,-1.0061095110501248,3.466428516272431,-1.126171753012954,0.15710586887234015,0.009120402587449424,1.2980985305215873e-05,1.8367482098051577
0.9874825308919237,56.57858136300417,3.359213773917733,-0.9991441095317529,3.3966670924837694,-1.0433931194211554,0.05797176854126021,0.009119193440763661,1.3317451425158649e-05,1.8344429278512073
0.9962213143511444,57.07927677329624,3.3533176536737237,-0.9921884149408512,3.3299374866481357,-0.9646480325329271,0.036126235249733504,0.00911737731814153,1.3663156871649068e-05,1.8322438900238711
1.004960097810365,57.57997218358832,3.3474126104109416,-0.9852430730045215,3.2659952266315018,-0.8896285555743823,0.1255823487791457,0.00911496253383679,1.4015826964753054e-05,1.8301489163812357
1.0136988812695855,58.080667593880385,3.3414988525449485,-0.9783087136525865,3.204622130845633,-0.8180590444859964,0.21074912434255433,0.009111957273376206,1.4373487029506513e-05,1.8281559121613635
1.022437664728806,58.58136300417246,3.335576595967373,-0.9713859512435292,3.14562290897667,-0.7496919773009444,0.29194283906925594,0.009108369595976275,1.4734430278456187e-05,1.826262864211951
1.0311764481880266,59.08205841446453,3.3296460638775116,-0.9644753847837748,3.0888222759773836,-0.6843044132055864,0.3694480614831155,0.009104207437030894,1.5097186808007461e-05,1.8244678376044496
1.039915231647247,59.5827538247566,3.32370748661537,-0.9575775981405646,3.034062491120469,-0.621694973082127,0.4435215453970507,0.009099478610661235,1.5460494681265393e-05,1.8227689724194671
1.0486540151064676,60.08344923504867,3.3177611014961172,-0.9506931602486584,2.981201250817794,-0.5616812540735305,0.5143955639725343,0.009094190812314665,1.5823273593565637e-05,1.821164480695086
1.0573927985656884,60.58414464534075,3.3118071526459416,-0.9438226253111032,2.9301098772565264,-0.5040976070830566,0.5822807756532573,0.009088351621409028,1.6184601283148925e-05,1.819652643528833
1.0661315820249089,61.08484005563282,3.305845890839262,-0.9369665329942948,2.8806717555056567,-0.4487932191250878,0.6473686969036442,0.009081968504014359,1.654369265467292e-05,1.8182318083227502
1.0748703654841294,61.58553546592489,3.299877573337302,-0.9301254086175368,2.8327809802114254,-0.39563045282944986,0.7098338432849688,0.009075048815563487,1.6899881469454498e-05,1.8169003861652469
1.08360914894335,62.08623087621696,3.2939024637279712,-0.923299763337323,2.786341179802208,-0.3444834037453319,0.7698355896369656,0.009067599803586715,1.725260437765383e-05,1.8156568493414404
1.0923479324025704,62.586926286509026,3.2879208317670563,-0.9164900943265356,2.7412644916168087,-0.2952366428278281,0.827519791440374,0.00905962861046625,1.7601387057299094e-05,1.8144997289638105
1.1010867158617912,63.087621696801115,3.2819329532206813,-0.9096968849487542,2.697470665822397,-0.24778411695476338,0.8830202023874096,0.009051142276206436,1.794583221948046e-05,1.813427612718291
1.1098254993210117,63.58831710709318,3.275939109709019,-0.9029206049278712,2.6548862796251087,-0.20202818477996795,0.9364597174337074,0.009042147741210649,1.8285609242937473e-05,1.812439142717568
1.1185642827802322,64.08901251738526,3.2699395885512326,-0.8961617105131904,2.6134440462499193,-0.15787876887834634,0.9879514658982463,0.00903265184906727,1.8620445229579788e-05,1.811533013457181
1.1273030662394528,64.58970792767732,3.263934682611619,-0.8894206446401871,2.573082205614127,-0.115252608140922,1.0375997753038972,0.009022661349338072,1.8950117288420726e-05,1.810707969867831
1.1360418496986733,65.09040333796939,3.257924690146934,-0.8826978370871017,2.5337439856424666,-0.07407259685936662,1.0855010234495168,0.009012182900344248,1.927444587749455e-05,1.8099628054593526
1.144780633157894,65.59109874826147,3.251909914654875,-0.8759937046275302,2.495377124846624,-0.03426719899541623,1.131744393553025,0.00900122307195183,1.9593289056034967e-05,1.809296360551354
1.1535194166171145,66.09179415855354,3.2458906647236994,-0.8693086511791722,2.4579334481893453,0.004230072156420497,1.1764125450943406,0.008989788348351176,1.9906537519967886e-05,1.8087075205851524
1.162258200076335,66.59248956884561,3.239867253882957,-0.8626430679488877,2.4213684894188643,0.04148111727332106,1.2195822111415733,0.008977885130827439,2.0214110308508245e-05,1.8081952145141622
1.1709969835355556,67.09318497913769,3.233840000455311,-0.8559973335742196,2.3856411540384825,0.07754366443639957,1.2613247313953302,0.008965519740522869,2.0515951085206335e-05,1.8077584132671507
1.1797357669947761,67.59388038942976,3.2278092274094314,-0.8493718142615161,2.3507134178983096,0.11247163884223026,1.3017065288844905,0.008952698421187668,2.081202491606817e-05,1.8073961282817657
1.1884745504539969,68.09457579972184,3.2217752622139355,-0.8427668639208009,2.3165500570899877,0.14631549409261194,1.3407895371478205,0.008939427341918124,2.1102315470884827e-05,1.8071074101038653
1.1972133339132174,68.5952712100139,3.215738436692355,-0.8361828242975242,2.283118405416592,0.1791225096395529,1.3786315838025347,0.00892571259988054,2.13868225898105e-05,1.8068913470495787
1.205952117372438,69.09596662030597,3.209699086879117,-0.829620025101321,2.2503881362046534,0.21093705835078175,1.4152867356144794,0.00891156022302116,2.1665560165552605e-05,1.806747063927325
1.2146909008316584,69.59666203059804,3.203657552876501,-0.8230787841319127,2.2183310656552733,0.24180084763757156,1.450805609507089,0.008896976172760206,2.1938554295576095e-05,1.8066737208162162
1.223429684290879,70.09735744089012,3.1976141787125774,-0.8165594074022626,2.186920975292953,0.27175313714133886,1.485235653372754,0.008881966346666137,2.2205841668314514e-05,1.8066705118978106
1.2321684677500995,70.59805285118219,3.191569312200091,-0.8100621892591193,2.156133451380417,0.3008309355943288,1.51862140005929,0.008866536581117869,2.246746815185084e-05,1.806736664339457
1.2409072512093202,71.09874826147427,3.1855233047962734,-0.8035874125010438,2.125945739438146,0.32906917914016326,1.5510046974779068,0.008850692653945329,2.2723487557101218e-05,1.8068714372264973
1.2496460346685407,71.59944367176634,3.179476511463575,-0.7971353484940553,2.0963366122369482,0.3565008931179636,1.5824249174154745,0.008834440287052535,2.297396055258163e-05,1.8070741205395935
1.2583848181277613,72.1001390820584,3.173429290531293,-0.7907062572849759,2.0672862498268696,0.3831573390715197,1.6129191453231104,0.008817785149024602,2.3218953712685692e-05,1.8073440341766946
1.2671236015869818,72.60083449235047,3.167382003558076,-0.7843003877126091,2.038776130343735,0.40906814853153733,1.6425223530751119,0.00880073285771035,2.345853867722995e-05,1.8076805270170158
1.2758623850462023,73.10152990264255,3.1613350151953052,-0.7779179775168268,2.010788930479283,0.4342614449379608,1.6712675564607213,0.00878328898279277,2.3692791412851587e-05,1.8080829760243327
1.284601168505423,73.60222531293464,3.15528869305131,-0.7715592534456789,1.9833084346296308,0.4587639549104864,1.699185958966809,0.008765459048337006,2.3921791561883707e-05,1.8085507853884228
1.2933399519646436,74.1029207232267,3.149243407556432,-0.7652244313606168,1.9563194518564448,0.48260110993486216,1.7263070832248415,0.008747248535317154,2.4145621865410664e-05,1.8090833857026256
1.302078735423864,74.60361613351877,3.1431995318289063,-0.7589137163399187,1.9298077398825397,0.505797139415023,1.7526588913497148,0.008728662884129807,2.436436765557092e-05,1.8096802331757165
1.3108175188830846,75.10431154381084,3.137157441541546,-0.7526273027804138,1.9037599354401145,0.528375155932632,1.7782678952525965,0.00870970749708336,2.4578116402568225e-05,1.810340808876835
1.3195563023423051,75.6050069541029,3.13111751478923,-0.7463653744975886,1.8781634903619209,0.5503572334637721,1.8031592578934073,0.00869038774087207,2.4786957314449917e-05,1.8110646180115622
1.3282950858015257,76.10570236439499,3.1250801319571666,-0.7401281048241507,1.8530066128668157,0.5717644792226784,1.8273568863382916,0.008670708949030829,2.4990980984950142e-05,1.811851189227682
1.3370338692607464,76.60639777468707,3.119045675589933,-0.7339156567071512,1.8282782135568716,0.5926170997289211,1.850883517388697,0.008650676424368833,2.519027907552392e-05,1.8127000739500407
1.345772652719967,77.10709318497914,3.1130145302612746,-0.7277281828037261,1.8039678556917953,0.6129344616323296,1.873760796469947,0.008630295441390204,2.5384944034922242e-05,1.8136108457418927
1.3545114361791875,77.6077885952712,3.1069870824446526,-0.7215658255755399,1.780065709347946,0.6327351477748874,1.8960093503985584,0.008609571248693522,2.5575068850630195e-05,1.8145830996925205
1.363250219638408,78.10848400556327,3.1009637203845313,-0.7154287173820134,1.756562509117328,0.6520370089180683,1.9176488545774308,0.00858850907135351,2.576074682418941e-05,1.8156164518299591
1.3719890030976285,78.60917941585534,3.0949448339684045,-0.7093169805723902,1.7334495150290246,0.6708572115225423,1.9386980951191817,0.00856711411328821,2.5942071374645692e-05,1.8167105385570899
1.3807277865568492,79.10987482614742,3.088930814599534,-0.7032307275767304,1.7107184764102155,0.6892122819272303,1.959175026344945,0.008545391559606786,2.6119135860597063e-05,1.8178650161105767
1.3894665700160698,79.6105702364395,3.08292205507041,-0.6971700609958913,1.6883615984378533,0.707118147239857,1.9790968240571691,0.00852334657894099,2.6292033418793762e-05,1.8190795600413343
1.3982053534752903,80.11126564673157,3.0769189494369207,-0.6911350736905539,1.6663715111462305,0.724590173222391,1.998479934954351,0.00850098432576331,2.646085682560304e-05,1.8203538647157091
1.4069441369345108,80.61196105702363,3.0709218928932214,-0.685125848869369,1.6447412406820585,0.7416431994266052,2.0173401225169885,0.008478309942685383,2.6625698369869465e-05,1.8216876428369038
1.4156829203937313,81.1126564673157,3.064931281647296,-0.6791424601762885,1.6234641826260063,0.7582915718094859,2.035692509656538,0.008455328562742774,2.6786649736097272e-05,1.8230806249851454
1.424421703852952,81.61335187760778,3.0589475127972166,-0.6731849717771224,1.6025340772062417,0.7745491730385236,2.053551618400423,0.008432045311665056,2.694380190449597e-05,1.8245325591756487
1.4331604873121726,82.11404728789985,3.052970984208085,-0.6672534384454017,1.5819449862482402,0.7904294506767824,2.0709314068586036,0.008408465310130607,2.7097245058978825e-05,1.8260432104343747
1.4418992707713931,82.61474269819193,3.0470020943896525,-0.6613479056475906,1.5616912717270466,0.8059454434191498,2.087845303688508,0.008384593676006491,2.7247068503951615e-05,1.8276123603908727
1.4506380542306136,83.115438108484,3.041041242374627,-0.6554684096277046,1.5417675757901128,0.8211098055371021,2.104306240263774,0.008360435526573676,2.7393360591892375e-05,1.8292398068864941
1.4593768376898342,83.61613351877607,3.0350888275976495,-0.6496149774913911,1.5221688021347923,0.8359348296745261,2.120326680730407,0.00833599598073945,2.7536208655254165e-05,1.8309253635977771
1.468115621149055,84.11682892906815,3.029145249774945,-0.643787627289525,1.502890098640001,0.8504324681241691,2.135918650113824,0.008311280161236138,2.7675698945891776e-05,1.8326688596752114
1.4768544046082754,84.61752433936022,3.0232109087846495,-0.6379863681013561,1.4839268411510318,0.8646143527036582,2.1510937606330516,0.008286293196806153,2.7811916583258493e-05,1.8344701393960106
1.485593188067496,85.11821974965228,3.0172862045478035,-0.6322112001172772,1.465274618330841,0.8784918133393632,2.1658632363606585,0.008261040224372624,2.7944945504570067e-05,1.836329061829568
1.4943319715267165,85.61891515994436,3.0113715369100205,-0.6264621147212428,1.4469292175003468,0.8920758954569427,2.1802379363537003,0.008235526391199352,2.8074868419607193e-05,1.8382455005168183
1.503070754985937,86.11961057023643,3.0054673055238235,-0.6207390945728913,1.428886611391349,0.9053773762694193,2.1942283763745793,0.008209756857037852,2.8201766773569978e-05,1.840219343161804
1.5118095384451575,86.6203059805285,2.999573909731656,-0.6150421136894111,1.41114294574632,0.9184067800458483,2.2078447493076307,0.00818373679625773,2.8325720710682486e-05,1.8422504913351703
1.5205483219043783,87.12100139082058,2.9936917484495695,-0.6093711375272002,1.3936945277025248,0.9311743924367958,2.2210969443701276,0.00815747139997074,2.8446809040123905e-05,1.8443388601890787
1.5292871053635988,87.62169680111265,2.9878212200515772,-0.6037261230633487,1.3765378149060525,0.9436902739265415,2.233994565206131,0.008130965878139773,2.8565109209507464e-05,1.8464843781832054
1.5380258888228193,88.12239221140472,2.9819627222546985,-0.598107018876994,1.3596694053012457,0.955964272476517,2.246546946947917,0.008104225461672802,2.868069727839511e-05,1.8486869868216163
1.5467646722820398,88.6230876216968,2.9761166520046753,-0.5925137652305846,1.343086027549199,0.9680060354190009,2.258763172319946,0.008077255404509334,2.879364789344005e-05,1.8509466403995238
1.5555034557412604,89.12378303198886,2.9702834053623794,-0.5869462941510861,1.3267845320329157,0.9798250206557781,2.2706520868545335,0.008050060985691037,2.890403426860622e-05,1.853263305760132
1.564242239200481,89.62447844228095,2.964463377390911,-0.5814045295111676,1.3107618824036131,0.9914305072120421,2.2822223132874946,0.008022647511422424,2.901192816559088e-05,1.8556369620609119
1.5729810226597016,90.12517385257301,2.958656962043381,-0.5758883871104096,1.2950151476379428,1.0028316051918509,2.293482265188259,0.007995020317117846,2.9117399877423894e-05,1.858067600549104
1.5817198061189222,90.62586926286508,2.952864552051412,-0.5703977747565494,1.279541494566273,1.0140372651781495,2.3044401598835855,0.00796718476943458,2.9220518213235274e-05,1.860555224345375
1.5904585895781427,91.12656467315715,2.9470865388143284,-0.5649325923468225,1.264338180841328,1.0250562871170013,2.3151040307250677,0.007939146268296867,2.9321350484461582e-05,1.863099848236981
1.5991973730373632,91.62726008344923,2.9413233122890676,-0.5594927319494015,1.2494025483209323,1.0358973287227744,2.325481738745348,0.007910910248902605,2.9419962494313302e-05,1.8657014984784739
1.6079361564965837,92.1279554937413,2.9355752608808126,-0.5540780778849904,1.2347320168328453,1.0465689134382954,2.3355809837502743,0.007882482183718443,2.9516418526238382e-05,1.8683602126000007
1.6166749399558045,92.62865090403338,2.929842771334347,-0.5486885068085812,1.220324078300678,1.0570794379816444,2.345409314884583,0.007853867584462316,2.961078133540023e-05,1.8710760392239763
1.625413723415025,93.12934631432545,2.9241262286261502,-0.5433238877914142,1.206176291204621,1.0674371795087754,2.3549741407108233,0.007825072004069317,2.9703112141385265e-05,1.8738490378884902
1.6341525068742455,93.63004172461751,2.918426015857234,-0.5379840824031641,1.192286275357721,1.0776503024194712,2.36428273883496,0.007796101038644556,2.9793470621818223e-05,1.8766792788779318
1.642891290333466,94.13073713490958,2.9127425141467347,-0.5326689447943745,1.1786517069751936,1.0877268648317804,2.3733422651128193,0.007766960329398885,2.988191490702335e-05,1.8795668430607149
1.6516300737926866,94.63143254520166,2.907076102526266,-0.5273783217791757,1.165270314021216,1.097674824748818,2.3821597624656143,0.00773765556457028,2.996850157570781e-05,1.8825118217332313
1.6603688572519073,95.13212795549374,2.9014271578350512,-0.5221120529182897,1.1521398718119755,1.1075020459397775,2.390742169335491,0.007708192481327254,3.005328565340139e-05,1.8855143164705528
1.6691076407111278,95.63282336578581,2.895796054615828,-0.5168699706023743,1.139258198861512,1.1172163035559726,2.3990963278056756,0.00767857686765334,3.0136320608861878e-05,1.8885744389830215
1.6778464241703483,96.13351877607788,2.8901831650115626,-0.5116519001356971,1.126623152956877,1.1268252895012554,2.407228991408779,0.0076488145642160865,3.0217658353638182e-05,1.8916923109789525
1.6865852076295689,96.63421418636995,2.884588858662959,-0.5064576598201777,1.114232627442054,1.136336617574302,2.4151468326507057,0.0076189114662132355,3.029734924326976e-05,1.8948680640334157
1.6953239910887894,97.13490959666201,2.879013502606791,-0.5012870610398205,1.1020845477052876,1.1457578284005332,2.4228564502666963,0.007588873525198999,3.0375442077478275e-05,1.8981018394619267
1.7040627745480101,97.6356050069541,2.8734574611750663,-0.4961399083455392,1.0901768678530193,1.155096394168918,2.4303643762326357,0.007558706750888014,3.045198410254471e-05,1.9013937882006633
1.7128015580072307,98.13630041724618,2.8679210958950323,-0.49101599954041286,1.0785075675607991,1.1643597231889609,2.4376770825495666,0.007528417212935507,3.052702101338335e-05,1.9047440706910987
1.7215403414664512,98.63699582753824,2.8624047653900435,-0.485915125765365,1.0670746490873761,1.173555164281459,2.4448009878211847,0.007498011042695019,3.060059695862883e-05,1.908152856769846
1.7302791249256717,99.13769123783031,2.856908825281286,-0.4808370715853122,1.055876134446668,1.1826900110168261,2.4517424636380074,0.007467494434944377,3.0672754545952175e-05,1.911620325564045
1.7390179083848922,99.63838664812238,2.8514336280904073,-0.4757816150757652,1.044910062727098,1.191771505813677,2.458507840784951,0.00743687364958649,3.074353484680599e-05,1.915146665391181
1.747756691844113,100.13908205841446,2.8459795231430283,-0.4707485279099185,1.034174487544371,1.2008068439083854,2.465103415290174,0.007406155013319502,3.081297740289138e-05,1.9187320736638545
1.7564954753033335,100.63977746870653,2.8405468564731793,-0.4657375754462343,1.023667474626065,1.2098031772080369,2.471535454325184,0.007375344921275523,3.0881120234357895e-05,1.922376756798854
1.765234258762554,101.14047287899861,2.8351359707286568,-0.46074851681652884,1.0133870995169345,1.2187676180370228,2.4778102019716113,0.007344449838622238,3.094799984881596e-05,1.926080930131023
1.7739730422217745,101.64116828929068,2.829747205077334,-0.4557811050145818,1.0033314453991362,1.227707242787422,2.4839338848661026,0.00731347630212938,3.101365124979973e-05,1.9298448178313317
1.782711825680995,102.14186369958274,2.8243808951144262,-0.45083508698526376,0.9934986010163859,1.236629095482331,2.489912717737859,0.007282430921696347,3.107810794797618e-05,1.933668652829557
1.7914506091402156,102.64255910987481,2.8190373727707305,-0.44591020371421675,0.9838866587027855,1.2455401912626065,2.4957529088456134,0.007251320381835374,3.114140197208111e-05,1.937552676740665
1.8001893925994363,103.14325452016689,2.8137169662218695,-0.44100619031805954,0.9744937125041155,1.2544475198047706,2.501460665328438,0.0072201514431129606,3.120356388076961e-05,1.941497139795346
1.8089281760586569,103.64394993045896,2.8084199997985326,-0.4361227761351648,0.9653178563856389,1.2633580486784395,2.5070421984805784,0.007188930943541029,3.126462277562201e-05,1.9455023007751353
1.8176669595178774,104.14464534075104,2.8031467938977515,-0.43125968481698607,0.95635718252673,1.2722787266526576,2.5125037289565255,0.007157665799919335,3.13246063153761e-05,1.9495684269505413
1.826405742977098,104.64534075104311,2.7978976648952156,-0.4264166344199529,0.947609779692578,1.2812164869582598,2.5178514919183668,0.0071263630091208344,3.1383540731008303e-05,1.953695794024001
1.8351445264363184,105.14603616133518,2.7926729250586595,-0.42159333749793315,0.9390737316762102,1.2901782505131554,2.5230917421350476,0.00709502964932097,3.1441450841190985e-05,1.9578846860758985
1.8438833098955392,105.64673157162726,2.7874728824623127,-0.41678950119527935,0.9307471158105581,1.2991709291190086,2.5282307590394004,0.00706367288116334,3.149836006946869e-05,1.9621353955140788
1.8526220933547597,106.14742698191932,2.782297840902466,-0.41200482734044597,0.9226280015459495,1.3082014286366948,2.533274851751224,0.007032299948860594,3.1554290459989634e-05,1.9664482230282392
1.8613608768139802,106.64812239221139,2.777148099814142,-0.4072390125401891,0.9147144490842287,1.3172766521461718,2.5382303640764747,0.007000918181227598,3.160926269680877e-05,1.9708234775465965
1.8700996602732007,107.14881780250347,2.772023954188902,-0.4024917482743484,0.9070045080696484,1.3264035030987695,2.5431036794876225,0.006969534992635364,3.166329612473812e-05,1.9752614761964973
1.8788384437324213,107.64951321279554,2.766925694493811,-0.39776272099121557,0.8994962163311763,1.3355888884682081,2.547901226093026,0.006938157883887266,3.171640876737132e-05,1.9797625442692113
1.8875772271916418,108.15020862308761,2.7618536065915698,-0.3930516122034845,0.8921875986729416,1.3448397219071562,2.5526294816019113,0.00690679444301368,3.17686173477245e-05,1.9843270151871133
1.8963160106508625,108.65090403337969,2.756807971661839,-0.3883580985847829,0.8850766657084518,1.354162926915589,2.5572949782918752,0.0068754523459751676,3.1819937311571364e-05,1.988955230475116
1.905054794110083,109.15159944367176,2.751789066123776,-0.3836818520667873,0.8781614127365152,1.363565440027821,2.5619043079844714,0.006844139357269922,3.1870382849513314e-05,1.9936475397348559
1.9137935775693036,109.65229485396382,2.746797161559798,-0.37902253993691437,0.8714398186520201,1.3730542140235213,2.566464127036779,0.0068128633304419305,3.1919966918611446e-05,1.9984043006225198
1.922532361028524,110.1529902642559,2.741832524640593,-0.37437982493659805,0.8649098448944528,1.3826362211710936,2.5709811613517,0.006781632208485321,3.196870126791008e-05,2.003225878830677
1.9312711444877446,110.65368567454797,2.736895417051401,-0.3697533653601198,0.8585694344267206,1.3923184565084727,2.575462211414928,0.00675045402413215,3.20165964646377e-05,2.0081126480717857
1.9400099279469654,111.15438108484005,2.7319860954195834,-0.3651428151540256,0.8524165107397419,1.4021079411671453,2.5799141573647955,0.00671933690002106,3.206366191684153e-05,2.0130649900668223
1.9487487114061859,111.65507649513212,2.7271048112434957,-0.3605478240170945,0.8464489768854493,1.412011725747774,2.5843439640975796,0.006688289048746917,3.210990590018621e-05,2.018083294536162
1.9574874948654064,112.15577190542419,2.7222518108226867,-0.3559680375008629,0.8406647145301682,1.4220368937522139,2.588758686416092,0.0066573187727711385,3.21553355877063e-05,2.0231679591934126
1.966226278324627,112.65646731571626,2.7174273351894462,-0.35140309711070394,0.8350615830292749,1.432190565079843,2.5931654742248544,0.006626434464193479,3.2199957074528124e-05,2.028319389743674
1.9749650617838475,113.15716272600834,2.7126316200417184,-0.34685264040744035,0.829637418517262,1.44247989959367,2.5975715777782815,0.006595644604381998,3.224377540671004e-05,2.0335379998844427
1.9837038452430682,113.65785813630042,2.7078648956773925,-0.34231630110949607,0.8243900330134488,1.4529121007642336,2.6019843529854416,0.006564957763442197,3.2286794610615366e-05,2.0388242113094903
1.9924426287022887,114.15855354659249,2.7031273869300114,-0.33779370919556706,0.8193172135379346,1.463494419397129,2.6064112667774557,0.006534382599529137,3.2329017721301926e-05,2.044178453716203
2.0011814121615092,114.65924895688455,2.6984193131058833,-0.33328449100781,0.8144167212381735,1.474234157452614,2.6108599025410086,0.006503927857986412,3.237044681521716e-05,2.0496011648168557
2.00992019562073,115.15994436717664,2.6937408879226603,-0.32878826935552796,0.8096862905217511,1.485138671963698,2.6153379656234153,0.0064736023703049345,3.2411083037365536e-05,2.055092790352809
2.0186589790799503,115.66063977746869,2.689092319449359,-0.32430466361935617,0.8051236281911649,1.4962153790596278,2.619853288914668,0.006443415052901708,3.245092663311593e-05,2.060653784111165
2.027397762539171,116.16133518776077,2.6844738100478702,-0.31983328985591897,0.8007264125832853,1.5074717581048607,2.624413838509,0.006413374905695926,3.2489976981554766e-05,2.0662846079460744
2.0361365459983913,116.66203059805284,2.6798855563159707,-0.31537376090296054,0.7964922927054964,1.5189153559590263,2.6290277194528855,0.0063834910104854075,3.2528232625345254e-05,2.0719857318030446
2.044875329457612,117.16272600834492,2.675327749031847,-0.31092568648492336,0.7924188873683143,1.5305537913673104,2.6337031815832996,0.006353772529108212,3.256569130372412e-05,2.077757633746233
2.053614112916833,117.663421418637,2.6708005731001627,-0.30648867331897534,0.7885037843125953,1.5423947594901448,2.6384486254608075,0.006324228701384,3.260234998436803e-05,2.0836007999898785
2.062352896376053,118.16411682892905,2.6663042074996754,-0.3020623252214516,0.7847445393280988,1.5544460365808872,2.6432726084026856,0.00629486884282626,3.2638204896995924e-05,2.0895157249321783
2.071091679835274,118.66481223922113,2.661838825232432,-0.297646243214713,0.7811386753603298,1.5667154848206202,2.648183850621373,0.006265702342112293,3.267325156689321e-05,2.0955029111941594
2.079830463294494,119.1655076495132,2.657404593274553,-0.29324002563439344,0.7776836816023579,1.5792110573192635,2.6531912414735714,0.006236738658305389,3.270748484749887e-05,2.101562869660802
2.088569246753715,119.66620305980528,2.6530016725286263,-0.2888432682370352,0.774377012572572,1.5919408032953573,2.658303845824432,0.00620798731782348,3.274089895375173e-05,2.1076961195265422
2.097308030212935,120.16689847009734,2.648630217777729,-0.28445556430806496,0.77121608717066,1.6049128734421552,2.6635309105339484,0.006179457911139818,3.277348749649342e-05,2.1139031883442914
2.106046813672156,120.66759388038942,2.6442903776410893,-0.28007650477013557,0.7681982877121448,1.6181355254930239,2.668881871070681,0.006151160089208211,3.280524351639481e-05,2.120184612077774
2.1147855971313767,121.1682892906815,2.639982294531414,-0.27570567829177195,0.7653209589393665,1.6316171299982831,2.674366358258947,0.006123103559610434,3.283615951742334e-05,2.126540935158985
2.123524380590597,121.66898470097355,2.6357061046138885,-0.27134267139633406,0.7625814070019273,1.6453661763232263,2.679994205167307,0.006095298082408503,3.286622750128215e-05,2.1329727105477922
2.1322631640498177,122.16968011126563,2.6314619377668715,-0.2669870685712624,0.7599768984089739,1.6593912788835115,2.685775454144113,0.006067753465703332,3.289543900089237e-05,2.139480499796339
2.141001947509038,122.6703755215577,2.6272499175443,-0.26263845237758554,0.7575046589459391,1.6737011836289073,2.691720364009012,0.006040479560887761,3.292378511459915e-05,2.1460648731178615
2.149740730968259,123.17107093184978,2.623070161139816,-0.25829640355967587,0.7551618725533218,1.6883047747900402,2.697839417408425,0.006013486257584536,3.2951256540354454e-05,2.1527264094591168
2.1584795144274795,123.67176634214186,2.618922779352633,-0.25396050115523394,0.7529456801667558,1.7032110819048507,2.7041433283433887,0.005986783478271211,3.297784360903165e-05,2.159465696576922
2.1672182978867,124.17246175243392,2.614807876555158,-0.24963032260546536,0.750853178512079,1.7184292871389715,2.7106430498802845,0.005960381172580287,3.300353631799757e-05,2.1662833311193066
2.1759570813459206,124.673157162726,2.6107255506623788,-0.2453054438654484,0.7488814188528347,1.7339687329173539,2.7173497820547277,0.005934289311272013,3.302832436505043e-05,2.173179918710743
2.184695864805141,125.17385257301805,2.6066758931030334,-0.24098543951464924,0.7470274056867482,1.7498389298851413,2.7242749799801325,0.005908517879874809,3.30521971817931e-05,2.1801560740419577
2.1934346482643616,125.67454798331015,2.602658988792577,-0.2366698828675825,0.7452880953860151,1.7660495652156942,2.731430362173796,0.0058830768719904235,3.30751439657171e-05,2.187212420964651
2.2021734317235824,126.17524339360223,2.598674916107953,-0.2323583460845774,0.7436603947794987,1.7826105112872987,2.7388279191139335,0.005857976282266523,3.309715371272593e-05,2.1943495925906125
2.2109122151828027,126.67593880389428,2.594723746864185,-0.22805040028263146,0.7421411596700201,1.7995318347477174,2.7464799220430667,0.005833226099028786,3.311821525041206e-05,2.201568231394954
2.2196509986420234,127.17663421418636,2.590805546292798,-0.22374561564633122,0.740727193283333,1.8168238059899229,2.7543989320341984,0.005808836296573851,3.313831727014049e-05,2.2088689893260045
2.2283897821012437,127.67732962447842,2.5869203730220884,-0.21944356153881495,0.7394152446463883,1.8344969090643786,2.7625978093374686,0.005784816827133745,3.315744835805513e-05,2.2162525279185004
2.2371285655604645,128.1780250347705,2.5830682790592396,-0.2151438066127348,0.7382020068848586,1.8525618520495375,2.771089723027852,0.005761177612501787,3.31755970250606e-05,2.2237195184124916
2.245867349019685,128.6787204450626,2.579249309774308,-0.21084591892122972,0.7370841154373181,1.8710295779091024,2.7798881609750383,0.0057379285353329436,3.319275173901216e-05,2.23127064187874
2.2546061324789055,129.17941585535465,2.5754635038860716,-0.2065494660288436,0.7360581461839125,1.889911275867402,2.789006940159089,0.005715079430123695,3.320890095548568e-05,2.238906589347426
2.2633449159381263,129.68011126564673,2.5717108934497768,-0.20225401512238894,0.7351206134765663,1.9092183933280915,2.79846021735878,0.005692640073874198,3.322403314434003e-05,2.2466280619442918
2.2720836993973466,130.18080667593878,2.5679915038467565,-0.1979591331217213,0.7342679680687861,1.9289626483711828,2.8082625002401413,0.005670620176449251,3.3238136821637444e-05,2.254435771031421
2.2808224828565673,130.68150208623086,2.5643053537759584,-0.19366438679039955,0.7334965949405647,1.9491560428652273,2.818428658876772,0.0056490293706423856,3.325120057835895e-05,2.2623304383545677
2.289561266315788,131.18219749652295,2.560652455247377,-0.18936934284619855,0.7328028110057956,1.969810876226914,2.828973937736205,0.005627877201961934,3.32632131046346e-05,2.270312796196576
2.2983000497750083,131.682892906815,2.557032813577392,-0.18507356807145958,0.7321828626974025,1.9909397598691496,2.839913968169083,0.005607173118150525,3.327416321956563e-05,2.278383587536185
2.307038833234229,132.18358831710708,2.5534464273860262,-0.1807766294232408,0.7316329234243638,2.0125556323817384,2.851264781442021,0.005586926458453609,3.328403989875436e-05,2.2865435662144833
2.3157776166934494,132.68428372739913,2.5498932885961283,-0.17647809414324678,0.7311490908892946,2.034671775486946,2.8630428223583895,0.005567146442660206,3.329283229728714e-05,2.294793497107047
2.32451640015267,133.18497913769122,2.546373382434479,-0.1721775298675029,0.7307273842571517,2.0573018308173543,2.8752649635150327,0.005547842159933533,3.330052977611486e-05,2.303134156303442
2.333255183611891,133.68567454798333,2.5428866874348297,-0.16787450473575916,0.7303637411689317,2.0804598175707922,2.8879485202479063,0.005529022557454759,3.330712192640605e-05,2.3115663312934496
2.341993967071111,134.18636995827538,2.539433175442875,-0.16356858750057623,0.7300540145860009,2.1041601510932235,2.9011112663231917,0.005510696428906475,3.331259859204437e-05,2.320090821160531
2.350732750530332,134.68706536856746,2.5360128116231593,-0.15925934763608984,0.7297939694566012,2.128417662450672,2.9147714504360382,0.005492872402818117,3.331694989420111e-05,2.328708436782622
2.3594715339895522,135.1877607788595,2.5326255544679253,-0.15494635544640456,0.729579279193849,2.153247619055165,2.928947813585123,0.005475558930811498,3.3320166251518255e-05,2.3374200010412296
2.368210317448773,135.6884561891516,2.529271355807899,-0.1506291821735941,0.7294055219474374,2.1786657464063683,2.943659607394603,0.005458764275763908,3.3322238400626135e-05,2.346226349037708
2.3769491009079937,136.18915159944368,2.525950160825016,-0.1463074001052982,0.7292681766613136,2.2046882510277097,2.9589266134638645,0.005442496499930779,3.332315741761754e-05,2.3551283283175417
2.385687884367214,136.68984700973573,2.522661908067083,-0.1419805826818581,0.7291626189014723,2.231331844674046,2.974769163830956,0.005426763453065697,3.332291473692777e-05,2.3641267991036
2.3944266678264348,137.1905424200278,2.5194065294643835,-0.13764830460298005,0.7290841164353783,2.2586137698912365,2.991208162641531,0.005411572760556987,3.332150216993079e-05,2.3732226345380107
2.403165451285655,137.69123783031986,2.516183950348215,-0.1333101419339049,0.7290278245499137,2.286551827022171,3.0082651091249204,0.005396931811633653,3.331891192089266e-05,2.3824167209329956
2.411904234744876,138.19193324061195,2.5129940894713654,-0.12896567221103605,0.7289887810874279,2.3151644027537612,3.025962121985253,0.005382847747676544,3.331513660388082e-05,2.391709958029427
2.420643018204096,138.692628650904,2.5098368590305107,-0.1246144745470169,0.728961901182762,2.344470500311968,3.0443219653255493,0.00536932745066718,3.331016926071414e-05,2.401103259266839
2.429381801663317,139.19332406119608,2.5067121646905512,-0.12025612973521416,0.7289419716796763,2.374489771417303,3.0633680762316513,0.005356377531819711,3.330400337189135e-05,2.410597552063237
2.4381205851225376,139.69401947148816,2.503619905610864,-0.11589022035359287,0.7289236452010701,2.405242550118798,3.0831245941515726,0.005344004320437682,3.329663287042414e-05,2.420193778103164
2.446859368581758,140.19471488178024,2.5005599744734677,-0.1115163308679491,0.7289014338552564,2.4367498886457897,3.10361639222058,0.005332213853036874,3.328805215829535e-05,2.42989289363696
2.4555981520409786,140.69541029207232,2.4975322575131065,-0.10713404773446633,0.728869702548109,2.4690335954149414,3.124869110690124,0.005321011862772296,3.327825611477483e-05,2.4396958697923394
2.464336935500199,141.19610570236438,2.4945366345492355,-0.10274295950158119,0.7288226618711887,2.5021162753445485,3.1469091926322967,0.005310403769215062,3.326724010605163e-05,2.449603692894861
2.4730757189594197,141.69680111265646,2.491572979019899,-0.09834265691112276,0.7287543605393287,2.5360213726474012,3.1697639221073817,0.005300394668519335,3.32549999967626e-05,2.4596173648010553
2.4818145024186404,142.19749652294854,2.488641158017501,-0.09393273299870153,0.7286586773429145,2.570773216280205,3.193461464994351,0.0052909893240190515,3.324153215763643e-05,2.4697379032434297
2.4905532858778607,142.6981919332406,2.4857410323264535,-0.08951278319332001,0.7285293125787494,2.6063970682453768,3.21803091270157,0.005282192157298383,3.322683347355945e-05,2.479966342186568
2.4992920693370815,143.19888734353268,2.482872456462691,-0.08508240541617496,0.7283597789216997,2.6429191749581644,3.2435023289920655,0.005274007239766691,3.3210901349604785e-05,2.4903037321976744
2.508030852796302,143.69958275382473,2.4800352787150546,-0.08064120017863463,0.7281433916931825,2.6803668219074397,3.269906800175918,0.005266438284781265,3.319373371463493e-05,2.5007511408291494
2.5167696362555225,144.2002781641168,2.4772293411885107,-0.07618877067935614,0.7278732584820464,2.7187683918622336,3.297276488944268,0.0052594886403535745,3.317532902810685e-05,2.5113096530141377
2.5255084197147433,144.7009735744089,2.474454479849216,-0.07172472290052256,0.7275422680698714,2.758153426898574,3.3256446921422858,0.005253161282467777,3.315568628284325e-05,2.521980371476942
2.5342472031739636,145.20166898470094,2.4717105245714066,-0.06724866570316879,0.727143078602402,2.7985526945382477,3.3550459028001938,0.0052474588090489155,3.313480500552289e-05,2.532764417157514
2.5429859866331843,145.70236439499303,2.4689972991860905,-0.06276021092157646,0.7266681049510993,2.839998258326252,3.385515876771744,0.005242383434601966,3.3112685258918536e-05,2.543662929651169
2.5517247700924046,146.2030598052851,2.466314621531548,-0.05825897345671216,0.7261095051997921,2.8825235531984856,3.4170917043573397,0.005237936985552445,3.3089327641158366e-05,2.554677067662967
2.5604635535516254,146.7037552155772,2.4636623035056067,-0.05374457136868327,0.7254591661855028,2.926163466024012,3.449811887321834,0.005234120896310077,3.30647332859261e-05,2.5658080094785074
2.569202337010846,147.20445062586927,2.4610401511196893,-0.049216625968189875,0.724708688018822,2.970954421745584,3.483716421754577,0.005230936206075894,3.3038903859768326e-05,2.577056953452133
2.5779411204700664,147.70514603616132,2.4584479645546145,-0.044674761906941085,0.7238493674962369,3.016934475572963,3.518846887254285,0.005228383556405106,3.3011841556872975e-05,2.5884251185096034
2.586679903929287,148.2058414464534,2.4558855382181317,-0.04011860726703054,0.7228721803150366,3.0641434117366333,3.5552465429698774,0.005226463189541726,3.298354909788027e-05,2.5999137446712495
2.5954186873885075,148.70653685674546,2.4533526608041756,-0.035547793649228,0.7217677619916903,3.112622849357603,3.592960431077065,0.0052251749475363965,3.295402972362412e-05,2.611524093592065
2.604157470847728,149.20723226703754,2.450849115353828,-0.03096195626017395,0.7205263873679686,3.162416356030801,3.632035488317093,0.005224518272142733,3.2923287186686795e-05,2.6232574491204343
2.612896254306949,149.70792767732962,2.448374679317957,-0.026360733998465058,0.7191379485877355,3.2135695697953017,3.6725206662928005,0.005224492205505724,3.289132574635765e-05,2.635115117877375
2.6216350377661692,150.20862308762167,2.445929124621526,-0.021743769539586122,0.7175919314101018,3.2661303302226163,3.7144670612787856,0.00522509539163099,3.285815015854092e-05,2.647098429854634
2.63037382122539,150.70931849791376,2.443512217729551,-0.017110709419694947,0.7158773897093179,3.3201488194252464,3.7579280543744926,0.005226326078629681,3.282376566749146e-05,2.659208739035598
2.6391126046846103,151.2100139082058,2.441123719714681,-0.01246120411822077,0.7139829180041725,3.375677713883168,3.8029594629194827,0.005228182121739964,3.278817799482523e-05,2.671447424036692
2.647851388143831,151.7107093184979,2.43876338632639,-0.007794908139253431,0.7118966218315786,3.432772348058519,3.8496197041704057,0.005230660987091541,3.275139332573681e-05,2.6838158887706967
2.6565901716030513,152.21140472878997,2.4364309680617513,-0.0031114800917346197,0.7096060857717749,3.491490890891459,3.897969972354475,0.005233759756213228,3.2713418300750215e-05,2.6963155631349633
2.665328955062272,152.71210013908205,2.434126210237782,0.0015894172316121558,0.7070983389064786,3.551894536378137,3.9480744303258963,0.005237475131259293,3.267425999860005e-05,2.7089479037237787
2.674067738521493,153.21279554937414,2.4318488530653313,0.0063081167765937085,0.7043598174610979,3.6140477095478287,4.000000417172728,0.005241803440920612,3.2633925921060735e-05,2.721714394563305
2.682806521980713,153.7134909596662,2.429598631724486,0.011044947151131745,0.7013763243708758,3.678018289329948,4.053818673286302,0.005246740647014349,3.259242398036905e-05,2.734616547875426
2.691545305439934,154.21418636995827,2.4273752764414818,0.01580023255015428,0.6981329854667592,3.7438778499396825,4.10960358455366,0.005252282351698005,3.254976248024414e-05,2.747655904866941
2.700284088899154,154.71488178025032,2.425178512567089,0.020574292681767414,0.6946142019499338,3.8117019226069373,4.16743344752665,0.005258423805293796,3.2505950099636804e-05,2.7608340365469077
2.709022872358375,155.2155771905424,2.423008060656456,0.025367442694775588,0.6908035987858022,3.88157027968091,4.227390757631061,0.00526515991468805,3.246099587333146e-05,2.7741525445735506
2.7177616558175957,155.7162726008345,2.4208636365503775,0.030179993107522896,0.6866839686024697,3.9535672433716753,4.289562522712453,0.005272485252255708,3.241490917248204e-05,2.7876130621296626
2.726500439276816,156.21696801112654,2.4187449514579753,0.03501224973809397,0.6822372106348791,4.0277820216670746,4.3540406044923765,0.005280394065285516,3.2367699684334644e-05,2.8012172548310823
2.7352392227360367,156.71766342141862,2.4166517120407605,0.03986451363587623,0.6774442641948708,4.104309074249523,4.420922090802378,0.00528888028586137,3.2319377390748345e-05,2.8149668216662964
2.743978006195257,157.21835883171067,2.4145836204980506,0.04473708101450513,0.6722850360919803,4.183248511597675,4.490309701823578,0.005297937541157245,3.226995254782442e-05,2.8288634959691925
2.7527167896544777,157.71905424200276,2.4125403746537284,0.049630243186196854,0.6667383213522492,4.264706530834414,4.562312233945188,0.005307559164109262,3.2219435660721336e-05,2.8429090464285345
2.7614555731136985,158.21974965229484,2.410521668044302,0.05454428649749388,0.6607817165032224,4.348795892328467,4.637045045306426,0.00531773820441531,3.216783745930629e-05,2.8571052781322694
2.770194356572919,158.72044506258692,2.4085271900082525,0.05947949226641153,0.6543915246041684,4.435636441576051,4.714630587610622,0.005328467439824497,3.211516887569244e-05,2.8714540336480234
2.7789331400321395,159.221140472879,2.4065566257766413,0.0644361367210236,0.6475426510900846,4.52535568146066,4.795198989383306,0.005339739387676914,3.206144101771951e-05,2.8859571941455395
2.78767192349136,159.72183588317105,2.4046096565649466,0.06941449093947699,0.6402084893770242,4.618089400657089,4.878888696523895,0.005351546316642602,3.2006665141999074e-05,2.900616680558246
2.7964107069505806,160.22253129346313,2.40268595966611,0.0744148207914544,0.6323607950394889,4.713982364719879,4.965847176785076,0.005363880258623256,3.195085262733009e-05,2.9154344547865736
2.8051494904098013,160.72322670375522,2.400785208544767,0.07943738688108681,0.6239695472047684,4.813189077271869,5.056231695705873,0.005376733020777959,3.1894014947504026e-05,2.9304125209457905
2.8138882738690216,161.22392211404727,2.398907072932626,0.08448244449133485,0.6150027956276778,4.915874619739262,5.150210172569056,0.005390096197630378,3.183616364142355e-05,2.9455529266587623
2.8226270573282424,161.72461752433935,2.3970512189249837,0.08955024352983781,0.6054264916897357,5.022215579250976,5.247962126146272,0.005403961183209991,3.1777310284908e-05,2.960857764396448
2.8313658407874627,162.2253129346314,2.39521730907834,0.09464102847622985,0.5952043013206085,5.132401075705217,5.349679721399557,0.0054183191832081114,3.17174664619676e-05,2.9763291728683248
2.8401046242466834,162.72600834492349,2.3934050025090947,0.09975503833095878,0.5842973975441123,5.2466339005838485,5.455568929914436,0.005433161227096556,3.165664373043968e-05,2.991969338463335
2.848843407705904,163.22670375521557,2.3916139549932893,0.10489250656557142,0.5726642300146215,5.365131781967088,5.565850818740711,0.005448478180177708,3.159485359419232e-05,3.0077804967436474
2.8575821911651245,163.72739916550762,2.3898438190673765,0.1100536610745067,0.5602602685182292,5.488128792389911,5.68076298453942,0.005464260755541115,3.1532107471623264e-05,3.023764933994788
2.866320974624345,164.2280945757997,2.3880942441299924,0.11523872412838038,0.547037716935052,5.615876918694952,5.800561152496514,0.005480499525884643,3.146841666088572e-05,3.039924988833927
2.8750597580835655,164.72878998609178,2.3863648765446945,0.12044791232877039,0.5329451936243492,5.748647816077268,5.92552096254761,0.005497184935179922,3.140379230955738e-05,3.0562630538778106
2.8837985415427863,165.22948539638386,2.384655359743653,0.12568143656450864,0.5179273735446379,5.886734772035315,6.0559399690384925,0.0055143073101508,3.133824537948695e-05,3.0727815774736573
2.892537325002007,165.73018080667595,2.382965334332259,0.13093950196947787,0.5019245866536322,6.030454910123744,6.192139884198109,0.005531856871539456,3.127178661287617e-05,3.0894830654955463
2.9012761084612273,166.230876216968,2.3812944381946273,0.13622230788191345,0.4848723662356726,6.180151668401139,6.3344691008765235,0.005549823745138625,3.120442650047137e-05,3.106370083207611
2.910014891920448,166.73157162726008,2.3796423065999726,0.14153004780521608,0.466700939716618,6.33619759335409,6.483305535990885,0.005568197972573484,3.1136175245604406e-05,3.1234452572010345
2.9187536753796683,167.23226703755213,2.3780085723098248,0.14686290937027757,0.447334653239969,6.498997497167359,6.639059843326053,0.005586969521806675,3.106704272817088e-05,3.140711277402963
2.927492458838889,167.73296244784422,2.3763928656860656,0.1522210742993098,0.4266913197346452,6.668992034705563,6.802179052971158,0.005606128297350637,3.0997038470394515e-05,3.158170899163251
2.93623124229811,168.2336578581363,2.3747948147997597,0.15760471837118253,0.4046814783353191,6.846661766762179,6.973150705036018,0.005625664150181588,3.092617160111173e-05,3.175826945422812
2.94497002575733,168.73435326842835,2.3732140455407507,0.1630140113882719,0.38120755077171065,7.032531788496289,7.152507557857252,0.0056455668873343365,3.085445081922973e-05,3.1936823089636355
2.953708809216551,169.23504867872043,2.3716501817280005,0.1684491171448104,0.3561628776118799,7.227177016971263,7.34083296614503,0.005665826281163879,3.078188435917826e-05,3.2117399547498473
2.962447592675771,169.73574408901248,2.3701028452206567,0.17391019339673508,0.3294306139090319,7.431228249938514,7.538767043055098,0.005686432078280069,3.070847995408221e-05,3.2300029223583517
2.971186376134992,170.23643949930457,2.3685716560298027,0.1793973918330481,0.30088245973210764,7.645379130394182,7.747013742921497,0.005707374008131447,3.063424479699135e-05,3.2484743285065467
2.9799251595942122,170.73713490959665,2.3670562324308895,0.18491085804865517,0.27037719604593174,7.870394178937787,7.966349029340931,0.005728641791237849,3.055918550677962e-05,3.267157369679153
2.988663943053433,171.23783031988873,2.365556191076809,0.19045073151870567,0.2377589902093282,8.107118089938702,8.19763032783817,0.005750225147077542,3.048330809155432e-05,3.2860553248601994
2.9974027265126537,171.7385257301808,2.3640711471115967,0.19601714557441619,0.20285542766226028,8.356486529752736,8.441807505274365,0.005772113801611353,3.0406617910040646e-05,3.3051715583751693
3.006141509971874,172.23922114047286,2.362600714284736,0.20161022738037107,0.16547521675657506,8.619538727968637,8.699935671768188,0.0057942974944543936,3.0329119636023057e-05,3.3245095228457977
3.0148802934310948,172.73991655076495,2.3611445050660373,0.20723009791330205,0.1254055016111174,8.89743221894972,8.973190168275465,0.005816765985689669,3.025081722206679e-05,3.344072762266402
3.023619076890315,173.240611961057,2.3597021307610846,0.21287687194233018,0.08240870260253513,9.191460174632336,9.262884188052764,0.0058395090623286705,3.017171386193292e-05,3.3638649152052245
3.032357860349536,173.74130737134908,2.3582732016272088,0.21855065801067558,0.03621878469789278,9.503071876033783,9.570489588474679,0.005862516544418053,3.009181195273138e-05,3.383889718135374
3.0410966438087565,174.24200278164116,2.3568573269899837,0.22425155841881084,-0.013463171009374253,9.833897007221639,9.897661588220362,0.0058857782907960985,3.001111306066432e-05,3.404151008904996
3.049835427267977,174.74269819193321,2.3554541153602147,0.2299796692090633,-0.06697424922920944,10.185774631172533,10.246268223417959,0.0059092842045137895,2.9929617884806797e-05,3.424652730350267
3.0585742107271976,175.2433936022253,2.354063174551398,0.23573508015165956,-0.1246960341283812,10.560787935154044,10.618425668299784,0.005933024237908553,2.984732621850571e-05,3.445398934058652
3.067312994186418,175.74408901251735,2.352684111797645,0.24151787473218483,-0.18706224741272073,10.961306131870627,11.016540829453024,0.005956988397348645,2.9764236914917326e-05,3.466393784291647
3.0760517776456386,176.24478442280943,2.351316533872034,0.24732813014046962,-0.2545680153979923,11.390035296843521,11.44336302347434,0.00598116674765641,2.968034785102874e-05,3.4876415620715933
3.0847905611048594,176.7454798331015,2.3499600472053825,0.2531659172608789,-0.3277811853226669,11.85008044748063,11.902047081473123,0.006005549416206766,2.9595655892355155e-05,3.5091466694433526
3.0935293445640797,177.2461752433936,2.3486142580054237,0.2590313006639962,-0.4073562398108542,12.345021874949305,12.39623094115897,0.006030126596723691,2.951015685900927e-05,3.5309136339161773
3.1022681280233004,177.74687065368568,2.3472787723763555,0.2649243385997017,-0.49405153310284317,12.879009698531116,12.930131761605159,0.006054888552770416,2.942384548911172e-05,3.552947113099776
3.1110069114825207,178.24756606397773,2.3459531964387703,0.27084508299161514,-0.5887508125552063,13.456881927939305,13.508665933271255,0.00607982562094657,2.9336715403769575e-05,3.575251899538865
3.1197456949417415,178.7482614742698,2.3446371364499194,0.27679357943290733,-0.6924903221044123,14.084313146979323,14.137600213886438,0.0061049282138033985,2.924875907466953e-05,3.597832925758727
3.128484478400962,179.2489568845619,2.343330198924322,0.2827698671834556,-0.8064932530730262,14.76800350307904,14.823743834309647,0.006130186822484161,2.915996779184711e-05,3.620695269534298
3.1372232618601825,179.74965229485395,2.3420319907546876,0.2887739791683439,-0.9322139759880451,15.515921353167773,15.57519514485224,0.006155592019101756,2.9070331628061513e-05,3.6438441593888613
3.1459620453194033,180.25034770514603,2.3407421193331497,0.2948059419776846,-1.0713954540962123,16.337618221298477,16.401661764880238,0.006181134458854601,2.8979839406620873e-05,3.6672849803406704
3.1547008287786236,180.75104311543808,2.339460192672784,0.30086577586774615,-1.226144661154492,17.244642523604252,17.31488112724927,0.006206804881902791,2.888847867079003e-05,3.6910232799050817
3.1634396122378443,181.25173852573016,2.338185819529411,0.30695349476338823,-1.3990329536868251,18.25109018773632,18.32918017301858,0.006232594115003378,2.8796235649202496e-05,3.715064774368234
3.172178395697065,181.75243393602224,2.336918609523668,0.3130691062617668,-1.5932315931264858,19.374348096427443,19.46223104775818,0.006258493072918743,2.8703095228647833e-05,3.739415355346364
3.1809171791562854,182.2531293463143,2.335658173263322,0.3192126116373157,-1.8126976688569203,20.636114018919294,20.736087841877733,0.006284492759614677,2.860904092196036e-05,3.7640810966435456
3.189655962615506,182.75382475660638,2.334404122465848,0.32538400584798566,-2.062433735385966,22.063820921194704,22.178634373440307,0.006310584269236795,2.8514054836129705e-05,3.789068261428222
3.1983947460747264,183.25452016689846,2.3331560700812277,0.3315832775427029,-2.3488576730806945,23.692665937325714,23.825646596228435,0.006336758786900224,2.841811764655627e-05,3.814383309742235
3.207133529533947,183.75521557719054,2.331913630414978,0.33781040907007626,-2.6803415212004094,25.568566284208714,25.723797226221052,0.00636300758928399,2.832120856600556e-05,3.8400329063601024
3.2158723129931674,184.2559109874826,2.3306764192514002,0.34406537648828406,-3.068016767478223,27.752576895808463,27.935146175188486,0.006389322045043413,2.822330531681296e-05,3.8660239290200593
3.224611096452388,184.75660639777468,2.329444053977033,0.35034814957617455,-3.5270136272445836,30.327688824563335,30.544050984048916,0.006415693615053332,2.8124384103246036e-05,3.892363477046357
3.233349879911609,185.25730180806676,2.3282161537043145,0.3566586918455189,-4.078434108382558,33.40965302377047,33.668168971403254,0.006442113852483068,2.8024419587411583e-05,3.919058880383329
3.2420886633708292,185.7579972183588,2.3269923393954377,0.36299696055443686,-4.752621254534602,37.16491466688255,37.47668709348127,0.006468574402725122,2.7923384859914625e-05,3.946117709067115
3.25082744683005,186.2586926286509,2.325772233986403,0.36936290672195915,-5.594840133795541,41.84177774982883,42.22200010894097,0.006495067003162001,2.7821251412650498e-05,3.9735477831565387
3.2595662302892703,186.75938803894294,2.3245554625112503,0.37575647514369803,-6.675737248871591,47.827783018791905,48.29803403855757,0.006521583482803771,2.771798912049643e-05,4.001357183150541
3.268305013748491,187.26008344923503,2.323341652226487,0.38217760440864224,-8.112032028045004,55.76321674891833,56.3556254563164,0.0065481157617953345,2.7613566212027e-05,4.029554260922866
3.2770437972077118,187.7607788595271,2.3221304327356878,0.3886262269170278,-10.111393314382187,66.78729288204224,67.552760464311,0.0065746558507877055,2.750794924455971e-05,4.05814765119914
3.285782580666932,188.26147426981916,2.32092143611428,0.39510226889927413,-13.082459610054908,83.14169887964216,84.16806638098852,0.006601195850198798,2.7401103086184853e-05,4.087146283609887
3.294521364126153,188.76216968011124,2.3197142970345124,0.4016056504359763,-17.955538364394563,109.9298785394046,111.38908578727614,0.006627727949365705,2.7292990890585762e-05,4.1165593953564965
3.303260147585373,189.26286509040332,2.3185086528905945,0.4081362854789289,-27.405284462470355,161.8243660473788,164.13014076552554,0.006654244425584301,2.718357407328221e-05,4.146396544522985
3.311998931044594,189.7635605006954,2.3173041439240283,0.41469408187315404,-53.546550701316,305.28445844222404,309.945710567683,0.0066807376430533996,2.707281229339011e-05,4.176667624070756
3.3207377145038146,190.2642559109875,2.316100413349114,0.421278941379929,-472.02002641899617,2600.9889021815547,2643.472474655895,0.0067072000517294315,2.696066343333354e-05,4.207382876565189
3.329476497963035,190.76495132127954,2.314897107478649,0.4278907597007852,75.20093253895176,-400.88533556886483,407.878265892117,0.006733624186091127,2.6847083575833102e-05,4.238552909668936
3.3382152814222557,191.26564673157162,2.313693875849813,0.4345294265024633,36.13178756513143,-186.50667131555386,189.97546156190495,0.006760002663819552,2.6732026985489128e-05,4.270188712455616
3.346954064881476,191.76634214186367,2.312490371350253,0.441194825442793,24.325569680943868,-121.68646759384254,124.09569528669951,0.006786328184407372,2.661544609136792e-05,4.302301672594955
3.3556928483406967,192.26703755215576,2.3112862503443647,0.44788683419750064,18.630110794675698,-90.38878618584866,92.29087278739676,0.006812593527693405,2.6497291466351767e-05,4.334903594458777
3.3644316317999174,192.76773296244784,2.310081172799788,0.4546053244878963,15.278479910468853,-71.94911631832805,73.55595335219,0.0068387915523291445,2.6377511810257124e-05,4.368006718212966
3.3731704152591377,193.2684283727399,2.3088748024141132,0.46135016210944424,13.072094085486139,-59.792316171591345,61.20744395895357,0.006864915194186283,2.625605393061428e-05,4.401623739950781
3.3819091987183585,193.76912378303197,2.3076668067418207,0.46812120696117987,11.510570105972848,-51.17340765694096,52.45513256618683,0.006890957464698847,2.6132862726521627e-05,4.435767832941906
3.390647982177579,194.26981919332403,2.306456857321449,0.47491831307595456,10.347955137745112,-44.74315944050327,45.92755436905816,0.00691691144916033,2.6007881172761606e-05,4.47045267006653
3.3993867656367995,194.7705146036161,2.305244629803014,0.4817413286515031,9.449251427589473,-39.761014328113085,40.871949011233575,0.006942770304962335,2.588105029973859e-05,4.50569244750857
3.4081255490960203,195.2712100139082,2.304029804075689,0.4885900960822824,8.734189236624903,-35.786640460606506,36.840728850946064,0.006968527259786682,2.5752309180079867e-05,4.54150190979957
3.4168643325552406,195.77190542420027,2.3028120643957557,0.4954644519920904,8.152045309071767,-32.54179120337901,33.551062439049126,0.006994175609758817,2.5621594912058656e-05,4.577896376295491
3.4256031160144613,196.27260083449235,2.301591099514841,0.5023642272674236,7.669193544246488,-29.842010985740288,30.81545493859349,0.007019708717553772,2.5488842604270493e-05,4.614891769189348
3.4343418994736816,196.7732962447844,2.3003666028084626,0.5092892470915584,7.2624610413628785,-27.560188085356067,28.504700295458708,0.007045120010471759,2.5353985357775618e-05,4.652504643159769
3.4430806829329024,197.2739916550765,2.2991382724048868,0.5162393309793413,6.915358926466098,-25.605877808891645,26.5268636856324,0.00707040297846647,2.521695425042594e-05,4.690752216770956
3.451819466392123,197.77468706536857,2.297905811314336,0.5232142928126347,6.615834367239113,-23.912970560805004,24.814746366107446,0.007095551172152373,2.5077678326916562e-05,4.729652405747994
3.4605582498513434,198.27538247566062,2.296668927558541,0.5302139408764496,6.354872664646472,-22.43202323888029,23.31809069952163,0.007120558200780989,2.4936084576947906e-05,4.769223858249428
3.469297033310564,198.7760778859527,2.2954273343006792,0.537238077895686,6.125596623269017,-21.125318586883285,21.99855808995026,0.007145417730176661,2.4792097922342367e-05,4.809485992292665
3.4780358167697845,199.27677329624476,2.2941807499757134,0.5442865010724909,5.922668371400387,-19.96358371722455,20.82639343019686,0.007170123480663616,2.464564120473572e-05,4.850459035477122
3.486774600229005,199.77746870653684,2.2929288984211427,0.5513590021242094,5.741881414667501,-18.923752211266805,19.778150323861695,0.00719466922495759,2.449663516492116e-05,4.892164067173631
3.495513383688226,200.27816411682892,2.291671509008216,0.5584553673218857,5.579875894708639,-17.987402094373323,18.835103319909223,0.007219048786035969,2.4344998431629907e-05,4.93462306336218
3.5042521671474463,200.77885952712097,2.290408316773604,0.5655753775293104,5.433935722208116,-17.13964295491534,17.982116692654735,0.007243256034994776,2.4190647505945824e-05,4.977858944311136
3.512990950606667,201.27955493741305,2.2891390625515777,0.5727188082425827,5.301841374507674,-16.368308426490376,17.206823617054646,0.0072672848888789025,2.4033496743983334e-05,5.021895625315146
3.5217297340658873,201.78025034770513,2.2878634931067108,0.5798854296301565,5.181761317664722,-15.663360555019487,16.499020720540305,0.0072911293084990435,2.3873458342075607e-05,5.066758070718062
3.530468517525108,202.28094575799722,2.286581361267141,0.5870750065733598,5.072170724551486,-15.01644390574676,15.85021484232862,0.00731478329622993,2.371044232103786e-05,5.112472351473434
3.5392073009843283,202.78164116828927,2.2852924260584215,0.594287298707343,4.971789805157034,-14.420547258275208,15.253279153724982,0.007338240893795951,2.3544356513003615e-05,5.159065706516745
3.547946084443549,203.28233657858135,2.2839964528379837,0.6015220604624538,4.8795364416370575,-13.869743774271457,14.70218904425433,0.007361496180045925,2.337510654217231e-05,5.206566608247736
3.55668486790277,203.78303198887343,2.282693213430263,0.6087790411059969,4.7944894010802095,-13.358989192159878,14.191816991017188,0.007384543268706307,2.320259580837177e-05,5.255004832446022
3.56542365136199,204.28372739916549,2.281382486262511,0.61605798478435,4.715859468923175,-12.88396347269906,13.71777159496458,0.007407376306130817,2.3026725474348733e-05,5.304411532971157
3.574162434821211,204.78442280945757,2.280064056501334,0.6233586305654288,4.642966582294563,-12.440945358839645,13.27627007385679,0.007429989469037689,2.284739444712704e-05,5.354819321644017
3.582901218280431,205.28511821974962,2.278737716189992,0.6306807124814506,4.575221557039992,-12.026712135561016,12.86403637047726,0.007452376962234197,2.26644993618685e-05,5.406262353721382
3.591640001739652,205.7858136300417,2.277403264386509,0.6380239595719885,4.512111366677627,-11.638458874828576,12.478219067069519,0.007474533016335718,2.2477934566314838e-05,5.458776419430466
3.6003787851988727,206.28650904033378,2.276060507302623,0.6453880959272769,4.453187193047583,-11.273732885473324,12.116324755264976,0.007496451885473838,2.2287592103962e-05,5.512399042079635
3.609117568658093,206.78720445062584,2.27470925844363,0.6527728407317454,4.398054658320501,-10.930380129600318,11.776163569740817,0.007518127844998333,2.20933616995373e-05,5.567169583286481
3.6178563521173137,207.28789986091792,2.2733493387491595,0.6601779083077524,4.346365787510882,-10.606501132171642,11.4558043714972,0.0075395551891732394,2.1895130741248963e-05,5.62312935594655
3.626595135576534,207.78859527121,2.2719805767349253,0.6676030081594899,4.297812354040874,-10.300414477816846,11.153537643394818,0.007560728228861568,2.1692784265628556e-05,5.680321745611428
3.6353339190357548,208.28929068150208,2.270602808635519,0.675047845017022,4.252120338448797,-10.010626414141168,10.867844592824893,0.007581641289210182,2.1486204945676008e-05,5.738792341013101
3.6440727024949755,208.78998609179416,2.2692158785482683,0.6825121188804458,4.209045288883849,-9.735805402071609,10.597371282944627,0.007602288707327469,2.1275273074039715e-05,5.798589074552255
3.652811485954196,209.29068150208622,2.2678196385782297,0.689995525064121,4.168368416653978,-9.474760698686154,10.340906862848886,0.007622664829953078,2.105986655075762e-05,5.859762373644782
3.6615502694134165,209.7913769123783,2.2664139489843738,0.6974977542409565,4.1298932944684825,-9.22642424632366,10.09736515851221,0.007642764011128449,2.0839860874055362e-05,5.922365323931192
3.670289052872637,210.29207232267035,2.264998678327002,0.7050184924867108,4.093443051540399,-8.989835287425777,9.865769034384455,0.007662580609860927,2.06151291288971e-05,5.986453845430675
3.6790278363318576,210.79276773296243,2.263573703616463,0.7125574213242797,4.058857980422674,-8.764127238194948,9.645237051027552,0.007682108987784469,2.038554197905194e-05,6.052086882861938
3.6877666197910783,211.2934631432545,2.262138910463233,0.7201142177679336,4.025993486754407,-8.548516443440176,9.4349720349448,0.007701343506817142,2.0150967666233135e-05,6.119326611486293
3.6965054032502986,211.79415855354657,2.26069419322941,0.7276885543674735,3.9947183259138086,-8.342292505411073,9.23425124834025,0.007720278526822462,1.991127200574511e-05,6.1882386599549015
3.7052441867095194,212.29485396383865,2.2592394551816883,0.7352800992522782,3.964913080772121,-8.144809935419067,9.042417903464989,0.00773890840325797,1.9666318389651752e-05,6.258892351833508
3.7139829701687397,212.7955493741307,2.2577746086459016,0.7428885161751824,3.936468842958072,-7.955480921921121,8.858873811829625,0.007757227484833931,1.9415967799092876e-05,6.331360967654996
3.7227217536279604,213.29624478442278,2.2562995751631583,0.7505134645561925,3.9092860665529368,-7.773769044645725,8.683072995052088,0.007775230111166441,1.9160078814736238e-05,6.4057220295564115
3.731460537087181,213.79694019471486,2.254814285647689,0.7581545995259509,3.8832735684563526,-7.5991837934585345,8.514516113709469,0.007792910610428327,1.889850764250836e-05,6.4820576108202115
3.7401993205464015,214.29763560500695,2.253318680546442,0.7658115719689589,3.858347653979535,-7.431275774301437,8.352745594590196,0.007810263297010377,1.863110814423463e-05,6.56045467288673
3.748938104005622,214.79833101529903,2.2518127100005243,0.7734840285664878,3.834431349715833,-7.269632503772785,8.197341356291298,0.007827282469171993,1.835773187977869e-05,6.64100543272504
3.7576768874648425,215.29902642559108,2.250296334008556,0.7811716118391466,3.8114537286299845,-7.113874709726413,8.047917049177821,0.007843962406704682,1.8078228166280224e-05,6.723807763813996
3.7664156709240633,215.79972183588316,2.2487695225920232,0.7888739601890755,3.789349314667876,-6.963653068250446,7.904116738917625,0.007860297368593602,1.7792444150058503e-05,6.8089656343635685
3.7751544543832836,216.30041724617521,2.2472322559627096,0.7965907079417021,3.7680575561528946,-6.818645318138207,7.765611973734194,0.007876281590685357,1.7500224903104314e-05,6.896589586878929
3.7838932378425043,216.8011126564673,2.245684524692295,0.8043214853870401,3.7475223588526236,-6.678553702863352,7.63209918456572,0.007891909283365785,1.7201413538860325e-05,6.986797263698068
3.792632021301725,217.30180806675938,2.24412632988421,0.8120659188204719,3.727691670961404,-6.5431026975084,7.503297374879571,0.007907174629234272,1.6895851360500375e-05,7.079713983718356
3.8013708047609454,217.80250347705143,2.242557683347835,0.8198236305829605,3.708517113364363,-6.412036984284459,7.378946063180361,0.007922071780796508,1.6583378049501172e-05,7.1754733762262735
3.810109588220166,218.3031988873435,2.2409786077751472,0.8275942391006724,3.6899536495112635,-6.2851196455071365,7.258803446565204,0.007936594858164324,1.6263831893134508e-05,7.274218078546429
3.8188483716793864,218.80389429763557,2.239389136919899,0.8353773589239267,3.6719592900137292,-6.162130547253834,7.14264475810995,0.00795073794676298,1.5937050069021994e-05,7.3761005051296955
3.827587155138607,219.30458970792765,2.237789315779442,0.843172600765447,3.654494827755185,-6.042864890634039,7.030260794637834,0.00796449509505736,1.5602869000235412e-05,7.481283696758194
3.836325938597828,219.80528511821973,2.2361792007793,0.8509795715378494,3.6375235998947315,-5.927131910761389,6.921456594634469,0.00797786031229056,1.526112479255224e-05,7.589942259788403
3.845064722057048,220.3059805285118,2.2345588599605843,0.8587978743903181,3.6210112735983486,-5.814753706139712,6.816050248734736,0.007990827566240628,1.4911653775312372e-05,7.702263406755882
3.853803505516269,220.8066759388039,2.232928373170383,0.866627108744409,3.6049256527664064,-5.705564183472335,6.71387182754545,0.00800339078099691,1.455429317571424e-05,7.818448111349293
3.8625422889754892,221.30737134909594,2.2312878322552234,0.8744668703289271,3.5892365033830025,-5.599408104846191,6.614762413542631,0.008015543834758443,1.4188881959914262e-05,7.938712392692739
3.87128107243471,221.80806675938803,2.229637341257735,0.8823167512138111,3.5739153953964484,-5.49614022588223,6.518573225446205,0.008027280557661986,1.3815261879679838e-05,8.063288746141037
3.8800198558939307,222.3087621696801,2.2279770166166246,0.8901763398429776,3.5589355593142926,-5.395624514885965,6.425164824943481,0.008038594729633126,1.343327878800095e-05,8.192427740468801
3.888758639353151,222.80945757997216,2.2263069873701102,0.8980452210660353,3.544271755922909,-5.297733444268094,6.334406396889609,0.008049480078272943,1.3042784299973965e-05,8.326399804476079
3.8974974228123718,223.31015299026424,2.224627395362914,0.9059229761688328,3.5299001577205087,-5.202347346545578,6.246175095168741,0.008059930276780659,1.2643637896672983e-05,8.465497229756894
3.906236206271592,223.8108484005563,2.2229383954569824,0.9138091829027397,3.515798240836267,-5.109353828175013,6.160355447359297,0.008069938941914894,1.223570961389736e-05,8.61003642074731
3.914974989730813,224.31154381084838,2.2212401557460386,0.9217034155126156,3.5019446863398613,-5.018647235249074,6.076838812136486,0.00807949963200518,1.1818883495738685e-05,8.76036042845092
3.9237137731900336,224.81223922114046,2.2195328577741416,0.9296052447633757,3.488319289978245,-4.930128165788479,5.995522884059645,0.008088605845006517,1.1393062074237012e-05,8.916841810454466
3.932452556649254,225.3129346314325,2.217816696758374,0.9375142379650775,3.474902879491206,-4.843703023970075,5.91631124101114,0.008097251016613882,1.095817223292215e-05,9.079885867303634
3.9411913401084746,225.8136300417246,2.2160918818158297,0.9454299589964523,3.4616772387378814,-4.759283612141619,5.83911293006956,0.008105428518439784,1.0514172951937807e-05,9.249934314367257
3.949930123567695,226.31432545201667,2.214358636195046,0.953351968326796,3.448625037967288,-4.6767867569548,5.763842088091873,0.008113131656256507,1.0061065662844313e-05,9.427469459092457
3.9586689070269157,226.81502086230876,2.2126171975120523,0.9612798230361244,3.435729769629943,-4.596133966339662,5.690417593675967,0.0081203536683178,9.598908255308962e-06,9.613018966702318
3.9674076904861364,227.31571627260084,2.2108678179911934,0.9692130768335147,3.4229756891878735,-4.517251114396412,5.618762747533054,0.008127087723759138,9.127834288577231e-06,9.807161313411694
3.9761464739453567,227.8164116828929,2.2091107647109167,0.9771512800735178,3.4103477604518955,-4.440068151606943,5.548804978633975,0.008133326921097165,8.648079733633056e-06,10.010532045679795
3.9848852574045774,228.31710709318497,2.2073463198546763,0.9850939797705734,3.3978316050118216,-4.364518838030132,5.480475573757563,0.008139064286828474,8.1600207915303e-06,10.223830988043408
3.9936240408637977,228.81780250347703,2.205574780967165,0.9930407196112873,3.3854134553669293,-4.290540497386688,5.413709428314675,0.008144292774134261,7.664228346620244e-06,10.447830571573455
4.0023628243230185,229.3184979137691,2.20379646121605,1.0009910399644908,3.3730801114183726,-4.218073790168655,5.348444816557724,0.008149005261715836,7.161547871319449e-06,10.683385491634878
4.011101607782239,229.81919332406116,2.202011689659412,1.0089444778889556,3.3608189000062074,-4.147062504086754,5.284623179464548,0.008153194552765185,6.65321906690616e-06,10.931443949253433
4.01984039124146,230.31988873435327,2.200220811519088,1.0169005671386584,3.348617637205388,-4.077453360338452,5.222188928758498,0.00815685337407892,6.1410588488035575e-06,11.193060787520102
4.02857917470068,230.82058414464532,2.198424188460137,1.0248588381654509,3.3364645931253967,-4.009195834333794,5.161089265684343,0.008159974375338209,5.627747201448688e-06,11.469412906558118
4.037317958159901,231.32127955493738,2.196622198876632,1.032818818119035,3.3243484589866332,-3.9422419896534673,5.101274013300567,0.008162550128574827,5.117282383031295e-06,11.76181743183245
4.046056741619121,231.82197496522943,2.194815238184007,1.0407800308440918,3.312258316252621,-3.8765463241186744,5.042695461153178,0.00816457312781917,4.615715560207526e-06,12.071753227180421
4.054795525078342,232.32267037552154,2.1930037191181975,1.0487419968744163,3.30018360763034,-3.8120656269731024,4.98530822132192,0.00816603578897096,4.132335139871333e-06,12.40088649370374
4.063534308537562,232.82336578581362,2.1911880720418013,1.056704233423934,3.288114109767294,-3.748758846270462,4.929069094925136,0.008166930449913422,3.6815102817444964e-06,12.751101389389913
4.072273091996783,233.32406119610567,2.1893687452575037,1.064666254374437,3.276039907474221,-3.6865869656351578,4.87393694824266,0.008167249370871158,3.285232979328063e-06,13.124536857208634
4.081011875456004,233.82475660639778,2.187546205329037,1.0726275702598627,3.263951369331312,-3.6255128896527893,4.819872597710341,0.008166984735054216,2.9754211985199333e-06,13.523631181660255
4.089750658915224,234.32545201668984,2.1857209374099202,1.0805876882469732,3.251839124543185,-3.5655013372125413,4.766838703106249,0.008166128649617667,2.7923675106104713e-06,13.951176234465487
4.0984894423744445,234.8261474269819,2.1838934455802526,1.0885461121122462,3.239694040910964,-3.506518742179807,4.71479966830519,0.008164673146949516,2.7733761605416686e-06,14.410383960008787
4.107228225833666,235.326842837274,2.182064253191849,1.096502342214791,3.227507203808085,-3.448533160839585,4.663721549044061,0.008162610186327192,2.9336260466385023e-06,14.904968448461524
4.115967009292886,235.82753824756605,2.1802339032219944,1.104455875465101,3.215269896050063,-3.3915141855987407,4.61357196718898,0.008159931655982382,3.25808604587865e-06,15.439248033569529
4.124705792752106,236.3282336578581,2.178402958636123,1.1124062052894477,3.2029735785560067,-3.335432864480238,4.564320031042157,0.008156629375602046,3.7144214690754543e-06,16.018273356808816
4.1334445762113265,236.82892906815016,2.1765720027597215,1.1203528215896918,3.1906098717051856,-3.2802616259836137,4.515936261269236,0.008152695099305425,4.270184460347809e-06,16.647989443578478
4.142183359670548,237.32962447844227,2.174741639659784,1.1282952106982973,3.178170537299049,-3.225974208924213,4.4683925220684575,0.00814812051914672,4.9005514623147215e-06,17.335442818133345
4.150922143129768,237.83031988873432,2.1729124945361358,1.1362328553283105,3.165647461041908,-3.172545596895926,4.421661957236793,0.008142897269192928,5.588589597625138e-06,18.08904896797435
4.159660926588988,238.3310152990264,2.1710852141229733,1.144165234518074,3.1530326354581137,-3.1199519570339618,4.3757189308222655,0.008137016930224296,6.3232220589777e-06,18.918941720361996
4.1683997100482095,238.8317107093185,2.1692604671009583,1.1520918235704043,3.1403181431677787,-3.068170582781909,4.330538972081756,0.00813047103510707,7.097269361155809e-06,19.837435372118204
4.17713849350743,239.33240611961057,2.1674389445202387,1.1600120939859633,3.127496140440866,-3.0171798403902574,4.286098724487891,0.008123251074918732,7.906066136805165e-06,20.859644439234636
4.18587727696665,239.83310152990262,2.165621360234759,1.1679255133905648,3.1145588409589036,-2.9669591189022504,4.2423758985613675,0.008115348505882287,8.746571519069863e-06,22.004327526322193
4.19461606042587,240.33379694019467,2.163808451348249,1.1758315454560946,3.1014984997096176,-2.9174887833987335,4.199349228322425,0.008106754757176931,9.616811266290692e-06,23.295055936925053
4.203354843885092,240.83449235048678,2.162000978672282,1.1837296498147456,3.088307396941254,-2.868750131295844,4.156998431180414,0.008097461239717626,1.0515527171810132e-05,24.7618628124989
4.212093627344312,241.33518776077884,2.160199727196816,1.1916192819662401,3.074977822103709,-2.8207253515064896,4.11530417110071,0.008087459355990744,1.144195369141904e-05,26.443620284487054
4.220832410803532,241.8358831710709,2.158405506573639,1.199499893177709,3.0615020577054386,-2.7733974862940007,4.074248024909545,0.00807674051102829,1.2395672979022748e-05,28.391549362320244
4.229571194262753,242.336578581363,2.1566191516131497,1.2073709303758382,3.047872363011923,-2.726750395660856,4.033812451615139,0.008065296124636287,1.337651892923713e-05,30.674546602907018
4.238309977721974,242.83727399165505,2.154841522794926,1.215231836030941,3.0340809575096546,-2.6807687241289537,3.993980764641173,0.008053117644994503,1.4384512425229132e-05,33.38752827880925
4.247048761181194,243.3379694019471,2.153073506792543,1.2230820480325357,3.0201200040602227,-2.635437869783477,3.9547371068892865,0.008040196563737459,1.5419816842130468e-05,36.66499424055693
4.255787544640415,243.83866481223922,2.151316017013119,1.2309209995560175,3.0059815916617505,-2.590743955460671,3.916066428559682,0.008026524432663523,1.6482706955515835e-05,40.70406423645305
4.2645263280996355,244.33936022253127,2.149569994152081,1.2387481189199887,2.991657717737256,-2.546673801975817,3.877954467681558,0.008012092882217036,1.7573546896175884e-05,45.80572102129733
4.273265111558856,244.84005563282335,2.1478364067636604,1.246562829433783,2.97714026986362,-2.5032149032971787,3.8403877333203567,0.007996893641907785,1.8692774324885613e-05,52.4535952121831
4.282003895018076,245.3407510431154,2.146116251847629,1.2543645492347046,2.9624210068439942,-2.4603554035784185,3.8033534914411526,0.007980918562839414,1.9840888957574127e-05,61.47728991606699
4.290742678477297,245.8414464534075,2.1444105554528394,1.2621526911144665,2.9474915390302296,-2.418084075977857,3.766839753432814,0.00796415964253706,2.1018444172469243e-05,74.42912910161368
4.299481461936518,246.34214186369957,2.142720373298101,1.2699266623342846,2.9323433077903163,-2.3763903031984213,3.7308352673104905,0.007946609052300416,2.222604084782116e-05,94.59029562908336
4.308220245395738,246.84283727399162,2.14104679141098,1.2776858644280913,2.916967564008402,-2.335264059692572,3.695329511633798,0.007928259167296763,2.3464322838524164e-05,130.3063886249333
4.316959028854959,247.34353268428373,2.1393909267851043,1.2854296929932363,2.901355345498779,-2.2946958954862033,3.660312692198704,0.007909102599646865,2.4733973660217988e-05,210.89765854480092
4.325697812314179,247.84422809457578,2.1377539280565836,1.2931575374680775,2.8854974532007818,-2.2546769215816296,3.625775741578014,0.007889132234794725,2.603571409099739e-05,563.9417757303094
4.3344365957734,248.34492350486784,2.13613697620017,1.3008687808958008,2.8693844260156744,-2.215198796912221,3.5917103216119353,0.007868341271440376,2.7370300472645338e-05,-811.729429479782
4.343175379232621,248.84561891515995,2.1345412852458057,1.3085627996737579,2.8530065141341696,-2.1762537168291085,3.5581088289726024,0.007846723265377237,2.8738523547536706e-05,-233.92647271523322
4.351914162691841,249.346314325452,2.1329681030162035,1.3162389632876135,2.8363536506809446,-2.1378344031061616,3.5249644039471453,0.00782427217759906,3.0141207723696227e-05,-135.93427773481298
4.3606529461510615,249.84700973574405,2.131418711886168,1.3238966340295308,2.8194154214986424,-2.0999340954639605,3.4922709426190752,0.0078009824270543066,3.157921067866209e-05,-95.4388813202341
4.369391729610282,250.3477051460361,2.129894429564319,1.3315351666995723,2.802181032865616,-2.062546544618841,3.4600231126517813,0.007776848948485938,3.305342323425075e-05,-73.31301625241686
4.378130513069503,250.84840055632822,2.1283966098979774,1.339153908289478,2.78463927692486,-2.025666006874885,3.4282163729136563,0.007751867255829016,3.456476945128306e-05,-59.367343754842324
4.386869296528723,251.3490959666203,2.1269266437019114,1.3467521976479166,2.766778494582728,-1.9892872402882984,3.396846997222775,0.007726033511678587,3.6114206914476e-05,-49.77247435373824
4.395608079987944,251.84979137691235,2.125485959611723,1.3543293651262736,2.7485865355985593,-1.9534055024412982,3.365912102523978,0.00769934460338229,3.770272717594596e-05,-42.76660090690691
4.404346863447165,252.35048678720446,2.1240760249626454,1.361884732203961,2.7300507155696048,-1.9180165498797463,3.3354096818637657,0.007671798226373488,3.933135632680271e-05,-37.426030273882326
4.413085646906385,252.8511821974965,2.1226983466945426,1.369417611092214,2.711157769473067,-1.88311663927822,3.305338642573495,0.00764339297542173,4.100115568903224e-05,-33.21977795088362
4.421824430365605,253.35187760778857,2.1213544722839255,1.3769273043152674,2.691893801390887,-1.848702530411729,3.2756988501293476,0.00761412844452067,4.271322261602627e-05,-29.820918953084817
4.4305632138248265,253.85257301808068,2.1200459907038205,1.3844131042677357,2.6722442300004556,-1.8147714910298554,3.2464911782217607,0.007584005336206027,4.4468691382117066e-05,-27.01715424516332
4.439301997284047,254.35326842837273,2.1187745334123447,1.3918742927469654,2.652193729364949,-1.7813213037460915,3.217717565637738,0.007553025581183729,4.626873415661216e-05,-24.664622042379744
4.448040780743267,254.85396383866478,2.1175417753708468,1.399310140459078,2.631726164497432,-1.7483502750746505,3.189381080639227,0.0075211924692053615,4.811456206317052e-05,-22.662377599481818
4.456779564202487,255.35465924895684,2.116349436092518,1.4067199064973193,2.6108245211109953,-1.7158572467694226,3.1614859936124122,0.007488510792210564,5.0007426311034655e-05,-20.937500191621076
4.465518347661709,255.85535465924895,2.115199280722367,1.4141028377912774,2.58947082889471,-1.6838416096449256,3.134037858866193,0.007454987000858325,5.19486193946296e-05,-19.43599939158648
4.474257131120929,256.356050069541,2.114093121149481,1.421458168525445,2.567646077563989,-1.6523033200856736,3.1070436065721996,0.007420629375660006,5.3939476367443816e-05,-18.117046607347454
4.482995914580149,256.8567454798331,2.1130328171525172,1.428785119525536,2.5453301248411497,-1.6212429194835032,3.0805116459731434,0.007385448214008378,5.598137618051659e-05,-16.94919478016119
4.49173469803937,257.3574408901252,2.1120202775793793,1.4360828976108362,2.522501595413241,-1.5906615568796725,3.0544519811382975,0.007349456034520632,5.807574308099354e-05,-15.907830224604696
4.500473481498591,257.85813630041724,2.1110574615620274,1.4433506949108248,2.499137769775952,-1.560561015127451,3.0288763407125905,0.007312667800225451,6.022404808206087e-05,-14.973412216545261
4.509212264957811,258.3588317107093,2.1101463797674205,1.450587688144179,2.475214461727625,-1.5309437409408035,3.0037983233046193,0.007275101162206481,6.242781049430179e-05,-14.130230135233852
4.517951048417031,258.85952712100135,2.109289095685565,1.4577930378581556,2.4507058831073563,-1.5018128792501226,2.9792335603835673,0.007236776725464747,6.46885995157202e-05,-13.365508932879486
4.5266898318762525,259.36022253129346,2.108487726955669,1.4649658876262763,2.425584494162773,-1.4731723123484788,2.95519989880957,0.007197718338858027,6.700803588958955e-05,-12.66875412031711
4.535428615335473,259.8609179415855,2.1077444467314024,1.4721053632020868,2.399820837703636,-1.445026704386575,2.931717605417934,0.007157953411081166,6.938779362303193e-05,-12.03126464451304
4.544167398794693,260.36161335187757,2.1070614850862666,1.4792105716266604,2.373383354923197,-1.417381551861257,2.9088095964166647,0.00711751325477055,7.182960176865676e-05,-11.445765508903044
4.552906182253914,260.8623087621697,2.1064411304600763,1.4862806002873787,2.3462381804468486,-1.390243240842498,2.8865016947458972,0.007076433460895809,7.433524627072124e-05,-10.906127147494539
4.561644965713135,261.36300417246173,2.105885731147553,1.4933145159253856,2.318348913792579,-1.3636191118016254,2.864822918998149,0.00703475430569234,7.690657187094898e-05,-10.407148557206545
4.570383749172355,261.8636995827538,2.1053976968300243,1.500311363588978,2.289676363988141,-1.337517533043502,2.843805808020634,0.006992521192432208,7.954548408167385e-05,-9.944387904875956
4.579122532631576,262.3643949930459,2.1049795001512015,1.5072701655300333,2.2601782635628185,-1.3119479839072505,2.823486785922874,0.0069497851303370614,8.225395122087317e-05,-9.51402891088868
4.587861316090796,262.86509040333794,2.1046336783380077,1.5141899200403988,2.229808947516355,-1.2869211490951884,2.803906572917112,0.00690660325294711,8.503400650851209e-05,-9.112774493637149
4.596600099550017,263.36578581363,2.104362834867382,1.5210696002250566,2.198518992130572,-1.262449025718545,2.7851106482374317,0.006863039378135967,8.78877502293761e-05,-8.737761399405645
4.605338883009237,263.86648122392205,2.1041696411799866,1.5279081527086165,2.1662548076157333,-1.2385450449226747,2.7671497723426084,0.006819164611813906,9.081735195689e-05,-8.386491140630795
4.614077666468458,264.36717663421416,2.104056838441667,1.5347044962715803,2.1329581775319997,-1.2152242102823327,2.75008057673416,0.006775057997109061,9.382505283995103e-05,-8.056773720063362
4.6228164499276785,264.8678720445062,2.104027239353518,1.541457520412557,2.098565736668871,-1.1925032555496022,2.7339662310480692,0.006730807210429623,9.691316794832671e-05,-7.7466814618238615
4.631555233386899,265.36856745479827,2.1040837300113084,1.5481660838324651,2.0630083775520456,-1.1704008248120727,2.7188771986532916,0.006686509305281149,0.00010008408868235933,-7.454510893210777
4.64029401684612,265.8692628650904,2.104229271814986,1.5548290128364772,2.0262105739040557,-1.148937678690686,2.704892093861687,0.006642271503987701,0.00010334028524205817,-7.1787510857001875
4.64903280030534,266.36995827538243,2.104466903428901,1.5614450996492641,1.988089607160535,-1.128136930902952,2.692098656096414,0.006598212036570062,0.0001066843091452042,-6.918057213265718
4.657771583764561,266.87065368567454,2.1047997427932934,1.5680131006388647,1.9485546794249538,-1.108024320367697,2.6805948590666264,0.006554461024805212,0.0001101187958075636,-6.671228351739327
4.666510367223782,267.37134909596665,2.1052309891874796,1.5745317344442105,1.907505892895757,-1.088628525066684,2.6704901762675903,0.006511161408015387,0.00011364646717341207,-6.437188746270531
4.675249150683002,267.8720445062587,2.105763925345105,1.5809996800011024,1.864833071704588,-1.069981525162074,2.6619070281218224,0.006468469905312226,0.0001172701343879303,-6.214971930864339
4.683987934142222,268.37273991655076,2.106401919621616,1.5874155744611516,1.8204143970116387,-1.0521190244552958,2.6549824409900724,0.006426558006758825,0.00012099270052070527,-6.003707205927555
4.692726717601443,268.8734353268428,2.1071484282140407,1.593778010997866,1.774114819870268,-1.0350809412467037,2.6498699543718915,0.006385612983288282,0.00012481716332301358,-5.802608075207746
4.701465501060664,269.3741307371349,2.1080069974329274,1.6000855364938096,1.7257842084684758,-1.0189119821261525,2.6467418202275197,0.006345838902099709,0.00012874661801586678,-5.610962318705284
4.710204284519884,269.874826147427,2.108981266026133,1.606336649102381,1.6752551763803922,-1.0036623153319093,2.6457915479469376,0.006307457630678838,0.00013278426010616859,-5.428123437743667
4.7189430679791045,270.375521557719,2.110074967553917,1.6125297956774625,1.6223405258576917,-0.9893883642494031,2.647236860685861,0.006270709808599791,0.00013693338821944268,-5.253503255911648
4.727681851438326,270.87621696801114,2.111291932814555,1.6186633690638128,1.5668302241232805,-0.976153746632581,2.6513231444209087,0.0062358557618452095,0.00014119740693927692,-5.086565497691072
4.736420634897546,271.3769123783032,2.112636092319407,1.6247357052406923,1.5084878100281678,-0.9640303915586845,2.6583274912872072,0.006203176329749411,0.00014557982964076633,-4.92682019729694
4.745159418356766,271.87760778859524,2.1141114788160547,1.6307450803108705,1.447046101815633,-0.9530998744292185,2.6685634651116183,0.006172973569890637,0.00015008428131332,-4.773818815158512
4.753898201815987,272.37830319888735,2.115722229857785,1.6366897073267088,1.3822020420979146,-0.943455021135552,2.6823867516938846,0.006145571301643764,0.00015471450134900072,-4.627149959709342
4.762636985275208,272.8789986091794,2.1174725904173006,1.6425677329446207,1.3136104707158034,-0.9352018466833233,2.700201902292903,0.006121315445034396,0.00015947434628423417,-4.486435628723393
4.771375768734428,273.37969401947146,2.119366915542088,1.64837723389879,1.2408765560151436,-0.9284619123265665,2.7224704401152287,0.006100574108345957,0.00016436779248117005,-4.351327898062048
4.780114552193648,273.8803894297635,2.1214096730484235,1.6541162132845353,1.1635465348051601,-0.9233752103049195,2.74972068222982,0.006083737376267013,0.00016939893871890287,-4.2215059969045505
4.7888533356528695,274.3810848400556,2.1236054462504166,1.6597825966412945,1.0810963030392844,-0.92010371903824,2.7825597415885484,0.006071216750761169,0.0001745720086783237,-4.096673717844839
4.79759211911209,274.8817802503477,2.1259589367199174,1.6653742278246804,0.9929172518404484,-0.9188358176195667,2.8216883276948685,0.006063444199963448,0.00017989135329109321,-3.97655711796371
4.80633090257131,275.3824756606397,2.12847496707245,1.670888864656612,0.8982985404677588,-0.9197918117842385,2.8679191773580213,0.006060870776853671,0.0001853614529231982,-3.860902473440713
4.815069686030531,275.88317107093184,2.131158483773577,1.676324174341977,0.7964047148203569,-0.9232309118150528,2.9222002446272755,0.006063964779740299,0.00019098691936082082,-3.7494744556840875
4.823808469489752,276.3838664812239,2.134014559959309,1.681677728639793,0.6862471805427441,-0.9294601274809526,2.985644199928979,0.0060732094410372054,0.00019677249756078316,-3.6420545014785692
4.832547252948972,276.88456189151594,2.137048398263259,1.6869469987763281,0.5666474678137273,-0.9388457235390472,3.059566391324291,0.0060891001492973775,0.00020272306712596646,-3.5384393535020875
4.841286036408192,277.385257301808,2.1402653336422546,1.6921293500870753,0.4361893936381208,-0.9518281386486251,3.145534296672437,0.006112141231602785,0.0002088436434528961,-3.438439750796279
4.850024819867413,277.8859527121001,2.143670836191022,1.69722203637398,0.2931559993726419,-0.9689416536562911,3.245432788292,0.006142842348178648,0.00021513937850885817,-3.341879251517163
4.858763603326634,278.38664812239216,2.1472705139353416,1.7022221939637858,0.13544529401992172,-0.9908406714548358,3.3615514740346435,0.00618171457693677,0.0002216155611758617,-3.2485931726426
4.867502386785854,278.88734353268427,2.1510701155917764,1.7071268354528317,-0.03954399977831452,-1.0183353545837814,3.4967033548440822,0.0062292662905691016,0.00022827761709407458,-3.1584276333047048
4.876241170245075,279.3880389429763,2.1550755332805576,1.711932843123141,-0.23506994242218288,-1.0524407525443649,3.6543887001037496,0.00628599895047754,0.00023513110794475112,-3.0712386901278945
4.8849799537042955,279.88873435326843,2.1592928051766744,1.7166369620141362,-0.45526849608310677,-1.0944457763034923,3.8390255221491527,0.006352402957783443,0.00024218173008333282,-2.9868915544118795
4.893718737163516,280.3894297635605,2.1637281180824064,1.7212357926338628,-0.7054704135745503,-1.1460120487973862,4.05628036484839,0.006428953709724804,0.0002494353124399183,-2.905259882269643
4.902457520622737,280.8901251738526,2.1683878099026224,1.7257257832931647,-0.992666054829626,-1.2093189023068573,4.313554084766715,0.006516108008368699,0.00025689781359553715,-2.8262251299161236
4.911196304081957,281.39082058414465,2.173278372002072,1.7301032220458636,-1.3262054906192273,-1.287281775142702,4.620714179215756,0.006614300956996439,0.00026457531792061813,-2.749675967235949
4.919935087541178,281.8915159944367,2.1784064514215653,1.7343642282176757,-1.718885646599714,-1.38389134807152,4.991232667023024,0.006723943458160283,0.0002724740306666954,-2.6755077435836756
4.928673871000398,282.39221140472876,2.1837788529274222,1.7385047435063197,-2.188699451597219,-1.504759197395007,5.444017589417716,0.006845420397794378,0.0002806002718791479,-2.6036220004734734
4.937412654459619,282.89290681502086,2.1894025408658346,1.7425205226351048,-2.7617704181861016,-1.6580332517443923,6.006486464056483,0.0069790895643233215,0.00028896046899067247,-2.5339260264307155
4.946151437918839,283.3936022253129,2.195284640790746,1.7464071235422065,-3.4775292939292313,-1.8560126783707382,6.719988568975966,0.007125281313620877,0.0002975611479453324,-2.4663324498127652
4.95489022137806,283.89429763560497,2.20143244083064,1.75015989708788,-4.3984228696781384,-2.1181766075394353,7.6499749955593455,0.007284298953244199,0.0003064089226802552,-2.4007588658831
4.963629004837281,284.3949930458971,2.207853392756029,1.7537739762620677,-5.629575043642886,-2.477317533087394,8.906594178257109,0.0074564197857326375,0.00031551048278545367,-2.337127494827397
4.972367788296501,284.89568845618913,2.214555112705618,1.7572442648751934,-7.362754653261475,-2.993257380551936,10.690749657367089,0.007641896723435512,0.0003248725791367667,-2.2753648677611094
4.9811065717557215,285.3963838664812,2.2215453815249244,1.7605654257155394,-9.988807117835869,-3.7879213443460675,13.411875841812549,0.007840960367875557,0.00033450200728801224,-2.2154015381012884
4.989845355214943,285.8970792767733,2.2288321446666206,1.7637318681573686,-14.446516081493726,-5.1541677333739715,18.053381216840695,0.008053821435746655,0.00034440558838489706,-2.157171815947566
4.998584138674163,286.39777468706535,2.236423511596992,1.766737735205042,-23.70093440538542,-8.016963758801634,27.7212436704683,0.008280673410933151,0.0003545901473412765,-2.1006135233671897
5.007322922133383,286.8984700973574,2.2443277546476272,1.7695768899597804,-54.617452134950724,-17.63758491110138,60.08244287132223,0.008521695306392931,0.00036506248800696615,-2.0456677686969695
5.016061705592604,287.39916550764946,2.252553307245818,1.7722429014974548,335.5894298855901,104.11403550931871,348.6937277915802,0.008777054429808778,0.00037582936501990015,-1.9922787381664853
5.024800489051825,287.89986091794157,2.2611087614510494,1.7747290301479741,45.23976999887163,13.56105923431629,44.56549002807721,0.00904690906081601,0.000386897452031766,-1.9403935033194544
5.033539272511045,288.4005563282336,2.270002864718454,1.7770282121694874,25.377471698365117,7.388353032191725,23.779026097251112,0.009331410963645275,0.00039827330596234274,-1.889961842858162
5.042278055970265,288.9012517385257,2.279244515803185,1.7791330438137973,18.130871645220804,5.151032396515072,16.20628852929738,0.009630707675547781,0.0004099633269066661,-1.840936077676539
5.0510168394294865,289.4019471488178,2.288842759712206,1.7810357647832187,14.373093886087135,4.001906654863275,12.286634722156379,0.009944944527240361,0.00042197371332005804,-1.7932709179654323
5.059755622888707,289.90264255910984,2.2988067816021878,1.7827282410835885,12.070555007709917,3.3065880249724304,9.88985399464488,0.01027426636591245,0.0004343104120658488,-1.7469233213763444
5.068494406347927,290.4033379694019,2.3091458995138705,1.7842019472834767,10.513026571209894,2.8435188432910268,8.27198950444176,0.01061881896347691,0.00044697906289013534,-1.7018523613341838
5.077233189807147,290.904033379694,2.3198695558245026,1.7854479481957932,9.387793555187056,2.515148765264952,7.105491745347154,0.010978750102552918,0.00045998493687375195,-1.6580191046700097
5.085971973266369,291.40472878998605,2.330987307290792,1.786456880005192,8.535684441362465,2.2718266424357765,6.223652491249744,0.011354210340094992,0.0004733328683988664,-1.6153864978220753
5.094710756725589,291.90542420027816,2.342508813545233,1.7872189308729614,7.867138123657966,2.0856170181029947,5.53268202887345,0.011745353453803897,0.0004870271801451898,-1.5739192609236266
5.103449540184809,292.4061196105702,2.354443823898789,1.7877238210606026,7.327902251166999,1.9395995003851716,4.975776818722427,0.012152336579688065,0.000501071600616618,-1.5335837891582362
5.11218832364403,292.9068150208623,2.3668021622926423,1.78796078262422,6.883195220171135,1.822928002076624,4.516528419006049,0.012575320050776202,0.00051546917371781,-1.4943480608190403
5.120927107103251,293.4075104311544,2.379593710231365,1.787918538744233,6.5096914908001215,1.728330523000374,4.130527618680119,0.013014466947314656,0.0005302221598876272,-1.4561815515561134
5.129665890562471,293.90820584144643,2.3928283875193195,1.7875852827690213,6.191164696955901,1.650750007985914,3.8008002594202814,0.013469942368069872,0.000545331928303672,-1.4190551543454877
5.138404674021692,294.40890125173854,2.406516130611573,1.786948657066984,5.915978627085651,1.5865616624618462,3.5151787951347435,0.013941912430971514,0.0005607988397173796,-1.382941104753022
5.1471434574809125,294.9095966620306,2.420666868380288,1.785995731799405,5.675572091990393,1.5331003194576869,3.264715011186709,0.014430543009491112,0.0005766221195068824,-1.3478129111004575
5.155882240940133,295.41029207232265,2.435290495087601,1.7847129837465285,5.4635068065883035,1.488363444194109,3.042682546509223,0.01493599820899612,0.0005927997205853047,-1.3136452891787254
5.164621024399353,295.9109874826147,2.450396840346583,1.7830862753416028,5.274848440808914,1.4508180746304753,2.8439284450488613,0.015458438585110826,0.0006093281758889099,-1.2804141011826686
5.173359807858574,296.4116828929068,2.4659956358434294,1.7811008340924679,5.105752321847918,1.4192716060327677,2.664439106375614,0.0159980191039256,0.0006262024402647033,-1.248096298567312
5.182098591317795,296.91237830319886,2.4820964785866635,1.7787412325977048,4.953178967964047,1.392783079084587,2.501042255854703,0.01655488684185559,0.0006434157217030836,-1.216669868552807
5.190837374777015,297.4130737134909,2.498708790443493,1.7759913693945852,4.814694343890559,1.370600899278441,2.351197677150201,0.01712917842111806,0.0006609593020146447,-1.1861137840280827
5.199576158236236,297.913769123783,2.5158417737196617,1.7728344509091,4.688326793397299,1.3521182390204416,2.2128473267872972,0.017721017175265284,0.0006788223472632162,-1.1564079566238517
5.208314941695456,298.4144645340751,2.5335043625380287,1.7692529748144081,4.572462734934658,1.3368405341349467,2.084306062751025,0.01833051003808262,0.0006969917084936844,-1.1275331927431536
5.217053725154677,298.91515994436713,2.55170516977304,1.765228715143015,4.465769397748861,1.3243614179286414,1.964180705171951,0.01895774414835206,0.000715451713567536,-1.0994711523579375
5.225792508613898,299.41585535465924,2.570452429303914,1.7607427095399777,4.367136759637032,1.3143446475499199,1.851309215828907,0.019602783162704043,0.0007341839512953026,-1.0722043103950707
5.234531292073118,299.9165507649513,2.5897539333596016,1.755775249089237,4.275633341281029,1.3065103553340325,1.7447143957720928,0.020265663269037965,0.000753167049420272,-1.045715920547977
5.2432700755323385,300.41724617524335,2.609616964744136,1.7503058711926744,4.190472147489722,1.3006244679994954,1.6435682137323562,0.020946388893718557,0.0007723764484771146,-1.0199899813667792
5.252008858991559,300.9179415855354,2.630048223752628,1.744313356031367,4.110984138882539,1.2964904775988777,1.5471640233566797,0.02164492809723145,0.0007917841741126061,-0.9950112044906481
5.26074764245078,301.4186369958275,2.6510537496172093,1.7377757271903125,4.036597361196423,1.2939429801172977,1.4548947064864697,0.02236120765510092,0.0008113586110412247,-0.9707649848975536
5.26948642591,301.91933240611957,2.672638836359286,1.730670257081064,3.9668203734186522,1.2928425579691414,1.3662353183017135,0.02309510782375479,0.0008310642825019359,-0.9472373730573128
5.278225209369221,302.4200278164116,2.694807942971034,1.7229734778504469,3.9012289765122246,1.2930716951287045,1.2807291879854719,0.023846456794755822,0.0008508616398605569,-0.9244150488848139
5.286963992828442,302.9207232267037,2.7175645979059198,1.7146611985168754,3.8394555008782296,1.294531493612823,1.1979766972336277,0.02461502484546665,0.0008707068678796046,-0.9022852973988214
5.295702776287662,303.4214186369958,2.740911297926662,1.7057085291274667,3.781180095296473,1.2971390176259736,1.1176261523916668,0.025400518199903865,0.0008905517120735958,-0.880835985999145
5.304441559746882,303.9221140472879,2.764849401440338,1.6960899127777016,3.7261235945633695,1.3008251336335377,1.039366306937174,0.026202572620148946,0.0009103433355912437,-0.8600555432859447
5.313180343206103,304.42280945757994,2.7893790165453374,1.6857791663790587,3.674041642076492,1.305532745528576,0.9629201948143357,0.027020746756582358,0.0009300242141652638,-0.8399329393502617
5.321919126665324,304.92350486787205,2.8144988841248293,1.6747495310965825,3.624719817288995,1.3112153470466315,0.8880400123363108,0.027854515294173356,0.0009495320787483775,-0.8204576674725833
5.330657910124544,305.4242002781641,2.8402062564466264,1.6629737334055288,3.57796957328799,1.3178358308505864,0.8145028443515683,0.028703261942230784,0.0009687999166136601,-0.8016197271733764
5.3393966935837645,305.92489568845616,2.866496771870759,1.6504240577310147,3.5336248316756707,1.3253655067961934,0.7421070742924578,0.029566272326418116,0.0009877560428204722,-0.7834096085662201
5.348135477042986,306.42559109874827,2.8933643264235034,1.637072431634129,3.491539113969434,1.333783291892996,0.6706693512756756,0.030442726854338555,0.0010063242550541864,-0.7658182779701754
5.356874260502206,306.9262865090403,2.9208009431700006,1.6228905244885468,3.4515831134116604,1.3430750421851252,0.6000220132487997,0.03133169363966256,0.0010244240858073793,-0.7488371647428278
5.365613043961426,307.4269819193324,2.9487966405059907,1.6078498605497913,3.413642630225987,1.3532330027663457,0.5300108851960289,0.03223212158422634,0.0010419711666780935,-0.7324581493033829
5.374351827420647,307.9276773296245,2.977339300690916,1.5919219472509893,3.3776168083218834,1.364255356830894,0.4604933870413024,0.033142833732807866,0.0010588777202076136,-0.7166735523194646
5.383090610879868,308.42837273991654,3.0064145401576354,1.5750784194600989,3.3434166232245683,1.3761458583598276,0.3913368981547295,0.034062521031020136,0.0010750531948873654,-0.7014761250358218
5.391829394339088,308.9290681502086,3.0360055833547412,1.5572912003002968,3.310963580334158,1.3889135359835498,0.3224173350545782,0.0349897366324204,0.0010904050587977562,-0.6868590407304526
5.400568177798308,309.42976356050065,3.0660931421016597,1.5385326789636844,3.2801885900545376,1.4025724579184025,0.2536179065855275,0.03592289091631201,0.0011048397666693595,-0.6728158872873504
5.4093069612575295,309.93045897079276,3.0966553026591357,1.518775905735161,3.251030992296971,1.4171415497834527,0.18482801698031542,0.03686024739205763,0.001118263913752348,-0.6593406608805269
5.41804574471675,310.4311543810848,3.1276674229313475,1.4979948041856264,3.2234377076788303,1.432644458664327,0.1159422921127884,0.03779991967842748,0.001130585587667652,-0.6464277607689027
5.42678452817597,310.93184979137686,3.159102042413312,1.4761644001896341,3.197362496650495,1.449109458082351,0.046859708181592775,0.03873986975676163,0.0011417159262243856,-0.6340719852069749
5.435523311635191,311.432545201669,3.1909288076689184,1.4532610670718054,3.172765310981476,1.4665693896129364,0.022517194780289577,0.03967790770369962,0.001151570884913601,-0.6222685284813545
5.444262095094412,311.933240611961,3.2231144162611978,1.4292627857895763,3.149611724671144,1.4850616378242913,0.09228302963911925,0.04061169311213553,0.0011600732120889607,-0.6110129790866677
5.453000878553632,312.4339360222531,3.25562258214608,1.404149418620188,3.1278724335337653,1.5046281360163702,0.16253022217437088,0.0415387384065677,0.0011671546226616493,-0.6003013190614873
5.461739662012853,312.9346314325452,3.288414025572184,1.3779029943426708,3.107522814531723,1.5253154009637295,0.23334962579249394,0.04245641425057708,0.0011727581523610258,-0.590129924508934
5.470478445472073,313.43532684283724,3.321446490490821,1.3505080023983027,3.0885425374704543,1.547174595528526,0.30483110108051986,0.0433619572287537,0.0011768406637479045,-0.5804955673307627
5.479217228931294,313.9360222531293,3.354674792360604,1.321951692986548,3.0709152229774137,1.5702616186361633,0.3770640693471748,0.04425247996188224,0.0011793754623156763,-0.5713954182108806
5.487956012390514,314.43671766342135,3.3880508990193903,1.2922243795213175,3.0546281418122323,1.5946372227150551,0.4501380485497128,0.045124983782504215,0.001180354965954607,-0.5628270508882893
5.496694795849735,314.93741307371346,3.4215240469844517,1.2613197393505233,3.03967195153314,1.6203671593105176,0.5241431794657697,0.0459763740573448,0.0011797933534859388,-0.5547884477649287
5.5054335793089555,315.4381084840055,3.455040895122915,1.2292351081499695,3.026040467405353,1.6475223542072475,0.5991707496165284,0.04680347819352726,0.0011777290980804164,-0.5472780068999664
5.514172362768176,315.9388038942976,3.4885457171061764,1.1959717629614826,3.013730465204422,1.6761791140500442,0.675313722263971,0.047603066307476044,0.0011742272692578416,-0.5402945504480756
5.522911146227397,316.4394993045897,3.5219806334250046,1.1615351884783511,3.002741514260481,1.706419367154893,0.7526672777813312,0.04837187446963477,0.0011693814633111472,-0.5338373346054911
5.531649929686617,316.9401947148818,3.555285883002553,1.125935320912014,2.9930758397270507,1.7383309419643858,0.8313293748232178,0.04910663036602652,0.0011633151973922543,-0.5279060611336579
5.540388713145838,317.44089012517384,3.588400133611844,1.0891867636264396,2.9847382136517893,1.7720078874421912,0.9114013390043189,0.049804081140893915,0.0011561825790586168,-0.5225008905386004
5.549127496605059,317.94158553546595,3.6212608293992816,1.0513089687225645,2.977735874990922,1.8075508406366383,0.992988487235569,0.05046102310581735,0.0011481680438143523,-0.5176224569915135
5.557866280064279,318.442280945758,3.6538045728596207,1.0123263789134602,2.9720784792545083,1.8450674476935398,1.0762007964757672,0.05107433292256381,0.0011394849424909408,-0.5132718850839014
5.566605063523499,318.94297635605005,3.6859675376284655,0.9722685243660023,2.967778079007392,1.8846728457878754,1.1611536264524773,0.051640999792480935,0.001130372764665338,-0.5094508085214142
5.57534384698272,319.4436717663421,3.7176859074887396,0.9311700697054227,2.9648491369928256,1.9264902147983336,1.247968506909726,0.05215815811837166,0.001121092811637305,-0.5061613908702363
5.584082630441941,319.9443671766342,3.748896336064387,0.8890708070859268,2.9633085742031104,1.9706514091036595,1.3367740011861584,0.05262312004874382,0.001111922191646953,-0.5034063484816681
5.592821413901161,320.44506258692627,3.779536420835899,0.8460155921170369,2.9631758558098142,2.0172976816748487,1.4277066594537624,0.05303340727261617,0.0011031461091581757,-0.5011889757340614
5.6015601973603815,320.9457579972183,3.809545184396993,0.8020542204848582,2.9644731185005786,2.0665805147237237,1.5209120768078317,0.05338678140879401,0.001095048563337403,-0.4995131727462811
5.610298980819603,321.44645340751043,3.838863555316126,0.7572412442955718,2.967225343470182,2.118662573609131,1.6165460736582464,0.0536812723291729,0.0010879017546748927,-0.4983834757340936
5.619037764278823,321.9471488178025,3.8674348406029906,0.7116357284610099,2.971460580104822,2.173718803577296,1.7147760186148904,0.05391520377308398,0.0010819547072725482,-0.4978050901991536
5.627776547738043,322.44784422809454,3.8952051816344326,0.6653009488023499,2.977210226310626,2.2319376923206518,1.8157823173887302,0.05408721564932019,0.001077421817875722,-0.49778392716359604
5.636515331197264,322.9485396383866,3.922123985483519,0.6183040349211364,2.9845093725068335,2.293522725406434,1.9197600952771923,0.05419628248441707,0.0010744721993087123,-0.4983266426874096
5.645254114656485,323.4492350486787,3.9481443239276937,0.5707155622261098,2.99339721757759,2.3586940665120584,2.0269211057346346,0.05424172755831541,0.001073220749556117,-0.49944068093400795
5.653992898115705,323.94993045897075,3.973223292983169,0.5226090987588803,3.003917566612734,2.4276905003092946,2.1374959035534564,0.054223232369034174,0.001073721812004154,-0.5011343210818979
5.662731681574925,324.4506258692628,3.997322326608535,0.47406071358152146,3.0161194221398935,2.5007716830221884,2.2517363285670964,0.05414084118292294,0.0010759660854989684,-0.503416728417136
5.6714704650341465,324.9513212795549,4.020407459215336,0.42514845443024274,3.0300576828509898,2.578220754473092,2.369918354871474,0.05399496055199586,0.0010798811174131638,-0.5062980099829952
5.680209248493367,325.45201668984697,4.042449532782159,0.3759518030636202,3.045793966673234,2.660347376250039,2.4923453717832946,0.05378635380975022,0.0010853353243284558,-0.5097892752097247
5.688948031952587,325.952712100139,4.0634243456485635,0.3265511172137575,3.063397578580249,2.747491274022746,2.619351976673512,0.05351613068612626,0.00109214510739099,-0.5139027020022736
5.697686815411808,326.45340751043113,4.083312741417463,0.27702706826748424,3.0829466479760517,2.8400263787129125,2.751308377163667,0.0531857323059308,0.0011000843335635276,-0.5186516088247202
5.706425598871029,326.9541029207232,4.102100637768572,0.2274600837570402,3.104529466067778,2.9383656821127055,2.888625521905632,0.05279691194802289,0.0011088952867240294,-0.5240505333886546
5.715164382330249,327.45479833101524,4.119778996329887,0.1779298034331246,3.1282460607020197,3.042966948859197,3.031761106536264,0.05235171204019379,0.0011183001659398296,-0.5301153186335446
5.723903165789469,327.9554937413073,4.136343736020903,0.12851455714649196,3.154210055111955,3.1543394600260095,3.1812266360731987,0.051852437944021515,0.0011280123019790829,-0.5368632067765381
5.73264194924869,328.4561891515994,4.151795593427745,0.07929087200527585,3.1825508684900234,3.2730520061340784,3.337595769216412,0.051301629142267026,0.0011377464366862182,-0.5443129423119663
5.741380732707911,328.9568845618915,4.166139934761008,0.030333015341308722,3.2134163310433257,3.399742402001526,3.501514226730314,0.05070202847736949,0.001147227617448204,-0.5524848849589997
5.750119516167131,329.45757997218357,4.1793865247556825,-0.018287421048748143,3.2469758052671422,3.5351288664728684,3.6737116193627726,0.05005655010322456,0.0011561984617876485,-0.5614011336906328
5.758858299626352,329.9582753824757,4.1915492584819365,-0.06650189107673665,3.2834239300315384,3.680023702049384,3.855015646157895,0.04936824680454571,0.0011644247194859674,-0.5710856631323923
5.7675970830855725,330.45897079276773,4.202645862439088,-0.11424521583764208,3.322985136716364,3.8353498301989304,4.046369239213799,0.04864027731078583,0.001171699189901201,-0.5815644737959653
5.776335866544793,330.9596662030598,4.212697571504835,-0.16145585446829863,3.36591912984458,4.002160897993493,4.24885139662957,0.04787587418700847,0.0011778441391856482,-0.5928657578197476
5.785074650004014,331.4603616133519,4.221728788318471,-0.20807612362693628,3.412527582379177,4.181665885275322,4.463702666667532,0.04707831282591446,0.0011827124114863199,-0.6050200821251572
5.793813433463234,331.96105702364395,4.229766731508164,-0.2540523659086299,3.463162373681678,4.375259429583249,4.69235654456466,0.04625088199671994,0.0011861874486297915,-0.6180605911715972
5.802552216922455,332.461752433936,4.236841078851071,-0.2993350684858176,3.518235804170536,4.584559478555866,4.936478450010915,0.04539685633103932,0.001188182432711239,-0.6320232318142442
5.811291000381675,332.96244784422805,4.242983611007892,-0.3438789341123288,3.5782333668014985,4.811454420320416,5.198014513494479,0.04451947104730145,0.001188638752928818,-0.6469470031404925
5.820029783840896,333.46314325452016,4.248227860928652,-0.387642907340835,3.6437298591592953,5.058162596436293,5.4792531807822495,0.04362189913633173,0.0011875239777649114,-0.6628742345961293
5.828768567300116,333.9638386648122,4.252608773412792,-0.43059015937019546,3.715409907577731,5.327308167005427,5.782903747974167,0.04270723115444068,0.0011848294901287053,-0.6798508962229141
5.837507350759337,334.46453407510427,4.256162378651572,-0.4726880353613159,3.794094386613072,5.622018822919718,6.112197519521467,0.04177845769898029,0.0011805679189873628,-0.6979269454295423
5.846246134218558,334.9652294853964,4.258925482909754,-0.513907968342545,3.880774816070484,5.946053058085391,6.471019578845274,0.040838454576618624,0.0011747704778519964,-0.7171567154258812
5.854984917677778,335.46592489568843,4.260935378838844,-0.5542253639785724,3.9766587029512563,6.303967992728261,6.864082556790196,0.03988997061788613,0.0011674842992134662,-0.7375993512865149
5.8637237011369985,335.9666203059805,4.262229577274787,-0.5936194605128101,4.083230127769882,6.701343672461063,7.297158893320814,0.038935618043294734,0.0011587698349504964,-0.7593193006056397
5.87246248459622,336.4673157162726,4.262845561773811,-0.6320731681274905,4.2023319193356805,7.145087340608292,7.777395931773086,0.037977865247175654,0.001148698375900654,-0.782386866889044
5.88120126805544,336.96801112656465,4.262820566592623,-0.66957289181487,4.3362789696115085,7.643853061198583,8.313750490194646,0.037019031835058606,0.0011373497293794479,-0.806878835243402
5.88994005151466,337.4687065368567,4.262191378330823,-0.7061083416333536,4.48801739512509,8.208631162612088,8.917599330448493,0.03606128572831524,0.0011248100811288313,-0.8328791816242599
5.898678834973881,337.96940194714875,4.260994161028807,-0.7416723339502516,4.66135276230834,8.853593494644516,9.603614597172095,0.03510664213562445,0.001111170057837751,-0.8604798789487891
5.907417618433102,338.47009735744086,4.259264304154986,-0.7762605869639512,4.861285078127054,9.597334137835817,10.391048865571152,0.03415696418347233,0.0010965229979502675,-0.8897818158534521
5.916156401892322,338.9707927677329,4.257036292621047,-0.8098715134657772,5.094513756195522,10.464739684151398,11.30567230019647,0.03321396499653247,0.0010809634316476151,-0.9208958468815295
5.924895185351542,339.47148817802497,4.2543435977304656,-0.8425060134585193,5.370222488018721,11.489896248814686,12.382783663470514,0.03227921102243436,0.0010645857655155822,-0.9539439965492581
5.9336339688107635,339.9721835883171,4.25121858778924,-0.8741672689043236,5.701343470158032,12.720771943966454,13.672060355927217,0.03135412640314169,0.0010474831632836623,-0.9890608442272776
5.942372752269984,340.47287899860913,4.247692456983794,-0.9048605425384884,6.106681268179177,14.227083308167584,15.245706415285285,0.03043999820607801,0.0010297466110680352,-1.0263951222958283
5.951111535729204,340.97357440890124,4.243795171053211,-0.9345929823639707,6.614665444091532,16.114194403709693,17.21284918853126,0.029537982341205478,0.001011464153499451,-1.0661115668661878
5.9598503191884245,341.4742698191933,4.239555428245407,-0.9633734331393478,7.27040277495859,18.54923703859185,19.746594720624426,0.02864911000500422,0.0009927202858146837,-1.1083930688519525
5.968589102647646,341.9749652294854,4.235000634043377,-0.9912122558942624,8.149995068390911,21.814141513604493,23.1389572360762,0.027774294507872017,0.0009735954864075418,-1.1534431837901284
5.977327886106866,342.47566063977746,4.2301568881723295,-1.0181211562530517,9.392665999360279,26.424628919531777,27.92411201891811,0.026914338357346208,0.0009541658742415668,-1.2014890721578226
5.986066669566086,342.9763560500695,4.225048982445843,-1.044113022120624,11.28329901428839,33.43591733912547,35.19504776562262,0.026069940485307926,0.0009345029758411731,-1.2527849588076927
5.994805453025307,343.4770514603616,4.219700408073996,-1.0692017710847386,14.510352498175271,45.397995189257244,47.593044804789706,0.025241703522594017,0.0009146735871845287,-1.3076162216266576
6.003544236484528,343.9777468706537,4.214133371134236,-1.093402207715276,21.272280801119997,70.45361392806672,73.55240248745773,0.024430141038987135,0.0008947397166914763,-1.366304247041346
6.012283019943748,344.4784422809457,4.2083688149924665,-1.116729890792695,44.44253600805582,156.28387396365275,162.46149791093103,0.02363568468002678,0.0008747585965146252,-1.429212225505157
6.021021803402969,344.97913769123784,4.202426448554215,-1.1392010103729877,-195.32487929598332,-731.7605671769062,757.3762119559378,0.022858691144528768,0.0008547827503838842,-1.4967521062634526
6.0297605868621895,345.4798331015299,4.196324779320589,-1.1608322744935606,-27.394420730789875,-109.76126732670703,113.10185540217545,0.022099448957996714,0.0008348601074316928,-1.56939299117565
6.03849937032141,345.98052851182194,4.19008115031904,-1.181640805241401,-13.79388120021732,-59.37218763241163,60.90617901223652,0.021358185007046147,0.0008150341525643267,-1.647671327300385
6.04723815378063,346.481223922114,4.183711780072505,-1.2016440438395308,-8.755744363716559,-40.695539605430355,41.55956342319881,0.02063507080881573,0.0007953441050145961,-1.7322033645091461
6.055976937239851,346.9819193324061,4.177231804861017,-1.220859664358409,-6.129329162581467,-30.950213911301542,31.465214172413393,0.01993022849693516,0.0007758251178068153,-1.8237004878338012
6.064715720699072,347.48261474269816,4.170655322616143,-1.2393054956231568,-4.516998105049006,-24.959555947986715,25.261148105382613,0.019243736512033476,0.0007565084918603048,-1.922988229325575
6.073454504158292,347.9833101529902,4.163995437869904,-1.2569994508637947,-3.426296734775255,-20.899554007916166,21.058074099805452,0.018575634990099826,0.0007374218993705001,-2.0310300324131516
6.082193287617513,348.4840055632823,4.157264307255572,-1.2739594646419379,-2.6392707615742412,-17.962898627616983,18.01981074615701,0.017925930846267944,0.0007185896119404299,-2.1489572148875014
6.090932071076733,348.9847009735744,4.150473185127703,-1.2902034365823312,-2.044600845976393,-15.737238702430027,15.719280206914926,0.01729460255488582,0.0007000327297164659,-2.2781071023968145
6.099670854535954,349.48539638386643,4.143632468932732,-1.3057491814394466,-1.5794984605929336,-13.989973697339401,13.915594820425419,0.016681604628991115,0.0006817694084604647,-2.420072055377326
6.108409637995175,349.98609179415854,4.136751744019607,-1.3206143850369414,-1.2058605493408838,-12.57993453474023,12.462575831291103,0.016086871803731702,0.0006638150820623868,-2.5767632012720054
6.117148421454395,350.4867872044506,4.129839827632281,-1.3348165656299082,-0.8992256709257865,-11.416478970325329,11.266384363718299,0.01551032292881986,0.000646182678553869,-2.7504942885033463
6.1258872049136155,350.98748261474265,4.122904811872677,-1.3483730402555107,-0.6431721659103119,-10.438743284038022,10.264030442628252,0.014951864574726423,0.0006288828281292031,-2.9440934854047143
6.134625988372836,351.4881780250347,4.115954105464395,-1.3613008956557953,-0.42626721684496444,-9.604342037202318,9.411668385683296,0.014411394356200131,0.0006119240620562931,-3.1610546278618927
6.143364771832057,351.9888734353268,4.108994474184087,-1.3736169633767108,-0.24030720952091186,-8.88285058441644,8.677846202326508,0.013888803974715917,0.0005953130017075086,-3.4057451697110146
6.152103555291277,352.48956884561886,4.102032079859542,-1.3853377986686664,-0.07925378548562435,-8.251864303900001,8.039423967846188,0.013383981978644297,0.0005790545372128301,-3.683697289398913
6.160842338750498,352.9902642559109,4.095072517861554,-1.39647966283614,0.06143546325927599,-7.694519512243763,7.479006206240702,0.012896816236363197,0.0005631519954745058,-4.002023717941957
6.169581122209719,353.490959666203,4.088120853040668,-1.407058508706138,0.18524248972624696,-7.197880368088783,6.983271248199639,0.012427196113151049,0.0005476072974587706,-4.370025423050777
6.178319905668939,353.99165507649514,4.081181654080718,-1.4170899689076457,0.2948805218605076,-6.751858256008568,6.541852103258661,0.011975014337655215,0.0005324211048485795,-4.8001030244310705
6.187058689128159,354.4923504867872,4.074259026258485,-1.4265893466761006,0.39249450619358683,-6.348469276098045,6.146567499088842,0.011540168538018068,0.0005175929562646535,-5.309165146375063
6.19579747258738,354.99304589707924,4.067356642613703,-1.4355716089182167,0.47980193611134236,-5.9813125355039825,5.790881568792791,0.011122562421639058,0.0005031213933404846,-5.920881410594077
6.204536256046601,355.49374130737135,4.060477773545891,-1.444051381293082,0.5581937708934898,-5.645196253343615,5.469516566497574,0.010722106566285963,0.0004890040770240156,-6.669436690373224
6.213275039505821,355.9944367176634,4.053625314864609,-1.4520429450850898,0.6288080427175281,-5.3358650208072005,5.178170262116087,0.010338718784235715,0.00047523789453223755,-7.606099506956945
6.2220138229650415,356.49513212795546,4.046801814327952,-1.4595602356629993,0.6925844004701199,-5.049797663735274,4.913306345970923,0.009972324015911348,0.000461819057417685,-8.811416941008938
6.230752606424263,356.99582753824757,4.040009496710615,-1.4666168423370487,0.7503051096001743,-4.784055264913988,4.6719966440659455,0.009622853705870528,0.00044874319121819534,-10.419595512173974
6.239491389883483,357.4965229485396,4.033250287447927,-1.4732260094427123,0.8026262734176971,-4.536165399173824,4.45180067222188,0.009290244612958444,0.0004360054171921624,-12.672113368756156
6.248230173342703,357.9972183588317,4.026525834906027,-1.4794006384952292,0.8501018904147398,-4.304032896788701,4.25067247264826,0.008974437009079794,0.00042360042663964315,-16.05166232180071
6.256968956801924,358.4979137691238,4.019837531331147,-1.4851532912735217,0.8932025924743024,-4.08587030149299,4.06688763160789,0.008675372228819672,0.00041152254828969906,-21.68358127932403
6.265707740261145,358.99860917941584,4.013186532532683,-1.4904961937056183,0.9323303849781257,-3.8801431296421995,3.8989853911441883,0.008392989546339926,0.00039976580924217333,-32.93894399411631
6.274446523720365,359.4993045897079,4.006573776355848,-1.49544124044015,0.9678303475570365,-3.685526378747142,3.7457221652307737,0.008127222377858335,0.00029404607003164683,-66.61399986146583
6.283185307179586,360.0,4.0,-1.5000000000000004,0.9843080531053923,-3.5913115610084287,3.6698749248131737,0.007999801516365233,0.00019412444962408834,-134.41503454277026
